Timestamp(Standard);CH0:Pressure(dbar);CH1:Chlorophyll_a(ppb);CH2:Conductivity(mS/cm);CH3:Temperature(degC);CH4:Oxygen_Concentration(mg/L);CH5:Oxygen_Saturation(%);CH6:Practical_Salinity(PSU);CH7:Sound_Velocity(m/s);CH8:Conductivity_25(mS/cm);CH9:Depth(m)
2023-03-24 19:47:22;2.44;12.74379;31.952;9.293;7.943;76.646;29.368;1480.422;45.647;2.42
2023-03-24 19:48:22;2.73;14.57743;31.877;8.562;8.083;75.578;29.900;1478.341;46.467;2.71
2023-03-24 19:49:22;2.27;12.74379;31.835;8.578;8.402;76.140;29.843;1478.324;46.384;2.25
2023-03-24 19:50:22;2.32;14.57743;31.821;8.470;8.667;76.736;29.919;1478.012;46.503;2.30
2023-03-24 19:51:22;2.30;18.24471;31.686;8.371;8.927;77.600;29.862;1477.567;46.433;2.28
2023-03-24 19:52:22;2.29;15.49425;31.599;8.387;9.077;77.843;29.758;1477.500;46.285;2.27
2023-03-24 19:53:22;2.29;16.41107;31.590;8.377;9.209;78.192;29.758;1477.460;46.286;2.26
2023-03-24 19:54:22;2.29;13.66061;31.626;8.370;9.296;78.366;29.802;1477.486;46.348;2.27
2023-03-24 19:55:22;2.28;18.24471;31.500;8.355;9.371;78.583;29.683;1477.284;46.183;2.26
2023-03-24 19:56:22;2.29;15.49425;31.558;8.359;9.407;78.597;29.739;1477.370;46.261;2.26
2023-03-24 19:57:22;2.30;11.82697;31.492;8.343;9.450;78.732;29.684;1477.241;46.186;2.28
2023-03-24 19:58:22;2.31;14.57743;31.468;8.346;9.476;78.781;29.657;1477.218;46.147;2.29
2023-03-24 19:59:22;2.30;12.74379;31.420;8.334;9.506;78.906;29.617;1477.124;46.092;2.28
2023-03-24 20:00:22;2.30;14.57743;31.522;8.343;9.518;78.920;29.715;1477.279;46.230;2.28
2023-03-24 20:01:22;2.29;13.66061;31.524;8.336;9.531;78.951;29.723;1477.261;46.242;2.27
2023-03-24 20:02:22;2.29;13.66061;31.495;8.339;9.555;79.102;29.691;1477.233;46.196;2.27
2023-03-24 20:03:22;2.30;14.57743;31.503;8.336;9.551;79.033;29.702;1477.235;46.212;2.28
2023-03-24 20:04:22;2.30;13.66061;31.549;8.330;9.533;78.865;29.755;1477.278;46.287;2.28
2023-03-24 20:05:22;2.30;11.82697;31.536;8.337;9.558;79.035;29.735;1477.282;46.259;2.28
2023-03-24 20:06:22;2.30;12.74379;31.494;8.342;9.570;79.131;29.688;1477.240;46.191;2.28
2023-03-24 20:07:22;2.30;14.57743;31.464;8.327;9.561;79.025;29.668;1477.159;46.165;2.28
2023-03-24 20:08:22;2.29;9.99333;31.475;8.330;9.558;78.995;29.677;1477.182;46.178;2.27
2023-03-24 20:09:22;2.30;13.66061;31.495;8.327;9.558;79.003;29.701;1477.200;46.211;2.28
2023-03-24 20:10:22;2.31;12.74379;31.489;8.328;9.560;79.012;29.694;1477.197;46.201;2.29
2023-03-24 20:11:22;2.29;11.82697;31.460;8.327;9.557;78.974;29.664;1477.155;46.160;2.27
2023-03-24 20:12:22;2.29;9.99333;31.485;8.325;9.591;79.247;29.692;1477.183;46.198;2.27
2023-03-24 20:13:22;2.29;11.82697;31.516;8.331;9.567;79.058;29.719;1477.239;46.237;2.27
2023-03-24 20:14:22;2.32;11.82697;31.458;8.330;9.555;78.955;29.660;1477.161;46.153;2.30
2023-03-24 20:15:22;2.29;18.24471;31.409;8.340;9.574;79.101;29.600;1477.125;46.067;2.27
2023-03-24 20:16:22;2.30;12.74379;31.442;8.328;9.565;79.034;29.645;1477.136;46.132;2.28
2023-03-24 20:17:22;2.29;15.49425;31.452;8.333;9.557;78.965;29.651;1477.161;46.141;2.26
2023-03-24 20:18:22;2.30;15.49425;31.495;8.327;9.567;79.043;29.701;1477.200;46.212;2.28
2023-03-24 20:19:22;2.29;11.82697;31.442;8.328;9.577;79.118;29.644;1477.135;46.131;2.27
2023-03-24 20:20:22;2.29;11.82697;31.390;8.340;9.588;79.208;29.580;1477.101;46.039;2.27
2023-03-24 20:21:22;2.30;14.57743;31.412;8.340;9.574;79.102;29.603;1477.130;46.072;2.28
2023-03-24 20:22:22;2.30;13.66061;31.410;8.333;9.586;79.192;29.607;1477.107;46.079;2.28
2023-03-24 20:23:22;2.32;16.41107;31.334;8.330;9.606;79.364;29.530;1477.001;45.971;2.30
2023-03-24 20:24:22;2.30;10.91015;31.282;8.333;9.665;79.837;29.474;1476.943;45.891;2.28
2023-03-24 20:25:22;2.32;15.49425;31.339;8.351;9.753;80.567;29.519;1477.065;45.952;2.30
2023-03-24 20:26:22;2.30;14.57743;31.373;8.354;9.800;80.974;29.551;1477.117;45.998;2.28
2023-03-24 20:27:22;2.29;14.57743;31.344;8.358;9.746;80.544;29.517;1477.091;45.949;2.27
2023-03-24 20:28:22;2.32;13.66061;31.367;8.334;9.711;80.250;29.561;1477.057;46.014;2.30
2023-03-24 20:29:22;2.30;18.24471;31.329;8.340;9.680;80.003;29.516;1477.023;45.950;2.28
2023-03-24 20:30:22;2.32;12.74379;31.388;8.342;9.690;80.065;29.577;1477.104;46.036;2.30
2023-03-24 20:31:22;2.30;13.66061;31.391;8.343;9.691;80.084;29.579;1477.112;46.038;2.28
2023-03-24 20:32:22;2.31;14.57743;31.361;8.346;9.682;80.008;29.545;1477.081;45.990;2.29
2023-03-24 20:33:22;2.31;12.74379;31.388;8.345;9.677;79.962;29.574;1477.111;46.031;2.29
2023-03-24 20:34:22;2.29;10.91015;31.386;8.331;9.676;79.960;29.583;1477.072;46.046;2.27
2023-03-24 20:35:22;2.32;16.41107;31.385;8.337;9.686;80.026;29.577;1477.087;46.036;2.30
2023-03-24 20:36:22;2.32;11.82697;31.426;8.334;9.676;79.956;29.623;1477.132;46.100;2.30
2023-03-24 20:37:22;2.32;11.82697;31.392;8.343;9.669;79.889;29.580;1477.113;46.040;2.30
2023-03-24 20:38:22;2.32;10.91015;31.455;8.333;9.638;79.635;29.654;1477.165;46.145;2.30
2023-03-24 20:39:22;2.30;16.41107;31.444;8.333;9.619;79.474;29.643;1477.151;46.129;2.28
2023-03-24 20:40:22;2.31;9.99333;31.462;8.330;9.622;79.490;29.664;1477.166;46.160;2.29
2023-03-24 20:41:22;2.29;13.66061;31.504;8.328;9.620;79.477;29.709;1477.216;46.223;2.27
2023-03-24 20:42:22;2.29;15.49425;31.491;8.325;9.579;79.127;29.698;1477.190;46.207;2.27
2023-03-24 20:43:22;2.31;15.49425;31.492;8.323;9.558;78.953;29.701;1477.183;46.212;2.29
2023-03-24 20:44:22;2.32;15.49425;31.543;8.331;9.545;78.837;29.747;1477.275;46.276;2.30
2023-03-24 20:45:22;2.31;12.74379;31.500;8.327;9.515;78.610;29.706;1477.206;46.218;2.29
2023-03-24 20:46:22;2.32;15.49425;31.507;8.324;9.515;78.600;29.716;1477.208;46.233;2.30
2023-03-24 20:47:22;2.32;13.66061;31.473;8.321;9.517;78.615;29.683;1477.156;46.187;2.30
2023-03-24 20:48:22;2.33;14.57743;31.480;8.328;9.512;78.576;29.684;1477.185;46.187;2.31
2023-03-24 20:49:22;2.32;15.49425;31.500;8.325;9.505;78.519;29.707;1477.203;46.221;2.30
2023-03-24 20:50:22;2.32;13.66061;31.525;8.327;9.494;78.427;29.732;1477.238;46.255;2.30
2023-03-24 20:51:22;2.33;35.52573;31.493;8.328;9.496;78.438;29.697;1477.201;46.206;2.31
2023-03-24 20:52:22;2.30;15.49425;31.534;8.328;9.503;78.499;29.740;1477.253;46.266;2.28
2023-03-24 20:53:22;2.33;11.82697;31.479;8.317;9.485;78.342;29.693;1477.152;46.202;2.31
2023-03-24 20:54:22;2.32;16.41107;31.477;8.323;9.534;78.756;29.686;1477.165;46.191;2.30
2023-03-24 20:55:22;2.31;15.49425;31.596;8.330;9.548;78.871;29.803;1477.338;46.355;2.29
2023-03-24 20:56:22;2.31;15.49425;31.474;8.328;9.597;79.271;29.678;1477.177;46.178;2.29
2023-03-24 20:57:22;2.30;15.49425;31.400;8.318;9.606;79.337;29.609;1477.054;46.084;2.28
2023-03-24 20:58:22;2.32;13.66061;31.385;8.334;9.613;79.410;29.580;1477.079;46.040;2.30
2023-03-24 20:59:22;2.31;12.74379;31.391;8.325;9.589;79.206;29.593;1477.062;46.060;2.29
2023-03-24 21:00:22;2.32;14.57743;31.386;8.323;9.558;78.951;29.591;1477.048;46.058;2.30
2023-03-24 21:01:22;2.31;12.74379;31.371;8.327;9.551;78.882;29.572;1477.041;46.030;2.29
2023-03-24 21:02:22;2.32;14.57743;31.481;8.328;9.540;78.796;29.685;1477.186;46.189;2.30
2023-03-24 21:03:22;2.32;12.74379;31.430;8.325;9.538;78.775;29.634;1477.112;46.117;2.30
2023-03-24 21:04:22;2.32;19.16153;31.494;8.330;9.521;78.647;29.698;1477.207;46.206;2.30
2023-03-24 21:05:22;2.34;14.57743;31.512;8.325;9.515;78.600;29.719;1477.218;46.238;2.32
2023-03-24 21:06:22;2.32;11.82697;31.470;8.330;9.521;78.634;29.672;1477.176;46.171;2.30
2023-03-24 21:07:22;2.33;15.49425;31.524;8.327;9.532;78.724;29.731;1477.237;46.253;2.31
2023-03-24 21:08:22;2.32;17.32789;31.469;8.325;9.526;78.673;29.675;1477.163;46.176;2.30
2023-03-24 21:09:22;2.32;14.57743;31.511;8.321;9.517;78.611;29.723;1477.204;46.243;2.30
2023-03-24 21:10:22;2.32;16.41107;31.578;8.324;9.507;78.527;29.790;1477.299;46.337;2.30
2023-03-24 21:11:22;2.32;15.49425;31.521;8.327;9.502;78.484;29.728;1477.233;46.249;2.30
2023-03-24 21:12:22;2.32;9.07651;31.581;8.330;9.505;78.512;29.788;1477.319;46.334;2.30
2023-03-24 21:13:22;2.32;14.57743;31.557;8.323;9.500;78.455;29.769;1477.267;46.308;2.30
2023-03-24 21:14:22;2.32;12.74379;31.552;8.324;9.492;78.387;29.763;1477.265;46.299;2.30
2023-03-24 21:15:22;2.32;13.66061;31.449;8.325;9.503;78.481;29.654;1477.137;46.146;2.30
2023-03-24 21:16:22;2.32;15.49425;31.504;8.324;9.486;78.347;29.713;1477.204;46.228;2.30
2023-03-24 21:17:22;2.34;7.24287;31.489;8.331;9.488;78.359;29.690;1477.204;46.196;2.32
2023-03-24 21:18:22;2.32;13.66061;31.623;8.328;9.491;78.385;29.833;1477.369;46.397;2.30
2023-03-24 21:19:22;2.32;11.82697;31.509;8.317;9.494;78.396;29.724;1477.189;46.245;2.30
2023-03-24 21:20:22;2.35;14.57743;31.548;8.323;9.495;78.412;29.759;1477.256;46.294;2.33
2023-03-24 21:21:22;2.34;17.32789;31.536;8.331;9.485;78.334;29.740;1477.266;46.266;2.32
2023-03-24 21:22:22;2.33;10.91015;31.473;8.325;9.497;78.430;29.679;1477.167;46.180;2.31
2023-03-24 21:23:22;2.33;14.57743;31.483;8.328;9.489;78.367;29.687;1477.189;46.192;2.31
2023-03-24 21:24:22;2.35;16.41107;31.467;8.318;9.506;78.498;29.679;1477.140;46.182;2.33
2023-03-24 21:25:22;2.35;16.41107;31.473;8.325;9.524;78.653;29.679;1477.168;46.181;2.33
2023-03-24 21:26:22;2.34;11.82697;31.479;8.320;9.524;78.653;29.691;1477.160;46.198;2.32
2023-03-24 21:27:22;2.33;14.57743;31.504;8.312;9.517;78.602;29.722;1477.171;46.243;2.31
2023-03-24 21:28:22;2.36;12.74379;31.541;8.312;9.504;78.497;29.761;1477.219;46.298;2.34
2023-03-24 21:29:22;2.35;10.91015;31.502;8.318;9.519;78.619;29.715;1477.185;46.233;2.33
2023-03-24 21:30:22;2.34;8.15969;31.541;8.328;9.502;78.470;29.748;1477.264;46.277;2.32
2023-03-24 21:31:22;2.35;14.57743;31.471;8.321;9.493;78.389;29.681;1477.153;46.184;2.33
2023-03-24 21:32:22;2.35;8.15969;31.466;8.312;9.477;78.274;29.682;1477.122;46.187;2.33
2023-03-24 21:33:22;2.35;11.82697;31.449;8.327;9.476;78.259;29.653;1477.142;46.144;2.33
2023-03-24 21:34:22;2.34;14.57743;31.385;8.325;9.485;78.329;29.587;1477.055;46.052;2.32
2023-03-24 21:35:22;2.33;13.66061;31.467;8.323;9.504;78.497;29.675;1477.151;46.175;2.31
2023-03-24 21:36:22;2.32;15.49425;31.524;8.325;9.508;78.525;29.733;1477.234;46.256;2.30
2023-03-24 21:37:22;2.32;12.74379;31.499;8.325;9.495;78.412;29.706;1477.201;46.219;2.30
2023-03-24 21:38:22;2.32;15.49425;31.391;8.324;9.489;78.367;29.595;1477.058;46.062;2.30
2023-03-24 21:39:22;2.35;11.82697;31.513;8.336;9.484;78.323;29.712;1477.248;46.226;2.33
2023-03-24 21:40:22;2.34;17.32789;31.462;8.320;9.483;78.315;29.673;1477.138;46.172;2.32
2023-03-24 21:41:22;2.32;16.41107;31.415;8.331;9.489;78.370;29.613;1477.109;46.088;2.30
2023-03-24 21:42:22;2.35;11.82697;31.514;8.324;9.480;78.299;29.723;1477.216;46.242;2.33
2023-03-24 21:43:22;2.33;15.49425;31.464;8.324;9.486;78.350;29.671;1477.152;46.170;2.31
2023-03-24 21:44:22;2.33;14.57743;31.495;8.324;9.485;78.338;29.703;1477.192;46.215;2.31
2023-03-24 21:45:22;2.32;18.24471;31.514;8.318;9.487;78.344;29.728;1477.199;46.250;2.30
2023-03-24 21:46:22;2.34;15.49425;31.525;8.323;9.486;78.332;29.735;1477.226;46.260;2.32
2023-03-24 21:47:22;2.32;11.82697;31.439;8.321;9.495;78.421;29.648;1477.112;46.137;2.30
2023-03-24 21:48:22;2.33;11.82697;31.427;8.323;9.506;78.498;29.633;1477.100;46.117;2.31
2023-03-24 21:49:22;2.35;13.66061;31.534;8.327;9.501;78.463;29.741;1477.250;46.268;2.33
2023-03-24 21:50:22;2.35;17.32789;31.495;8.315;9.487;78.348;29.711;1477.168;46.227;2.33
2023-03-24 21:51:22;2.32;15.49425;31.517;8.320;9.490;78.374;29.730;1477.208;46.253;2.30
2023-03-24 21:52:22;2.35;11.82697;31.448;8.321;9.503;78.482;29.657;1477.124;46.150;2.33
2023-03-24 21:53:22;2.32;12.74379;31.547;8.317;9.506;78.506;29.763;1477.238;46.300;2.30
2023-03-24 21:54:22;2.32;13.66061;31.545;8.324;9.494;78.414;29.756;1477.257;46.289;2.30
2023-03-24 21:55:22;2.32;13.66061;31.540;8.318;9.480;78.296;29.755;1477.234;46.289;2.30
2023-03-24 21:56:22;2.34;13.66061;31.534;8.325;9.480;78.299;29.743;1477.247;46.271;2.32
2023-03-24 21:57:22;2.35;12.74379;31.453;8.327;9.491;78.376;29.657;1477.147;46.150;2.33
2023-03-24 21:58:22;2.34;13.66061;31.403;8.320;9.480;78.299;29.611;1477.061;46.085;2.32
2023-03-24 21:59:22;2.34;12.74379;31.465;8.325;9.494;78.405;29.671;1477.158;46.170;2.32
2023-03-24 22:00:22;2.35;15.49425;31.472;8.321;9.504;78.475;29.681;1477.154;46.185;2.33
2023-03-24 22:01:22;2.34;14.57743;31.488;8.324;9.486;78.347;29.696;1477.184;46.205;2.32
2023-03-24 22:02:22;2.35;14.57743;31.485;8.324;9.489;78.376;29.692;1477.179;46.200;2.33
2023-03-24 22:03:22;2.35;13.66061;31.564;8.324;9.479;78.274;29.775;1477.281;46.316;2.33
2023-03-24 22:04:22;2.35;13.66061;31.431;8.325;9.474;78.244;29.636;1477.115;46.120;2.33
2023-03-24 22:05:22;2.35;17.32789;31.450;8.324;9.476;78.257;29.657;1477.135;46.149;2.33
2023-03-24 22:06:22;2.35;14.57743;31.406;8.324;9.476;78.266;29.611;1477.078;46.085;2.33
2023-03-24 22:07:22;2.34;18.24471;31.369;8.334;9.483;78.302;29.563;1477.059;46.017;2.32
2023-03-24 22:08:22;2.35;13.66061;31.393;8.312;9.476;78.268;29.607;1477.028;46.080;2.33
2023-03-24 22:09:22;2.34;15.49425;31.460;8.321;9.474;78.248;29.669;1477.139;46.168;2.32
2023-03-24 22:10:22;2.34;10.91015;31.336;8.328;9.471;78.223;29.533;1477.000;45.976;2.32
2023-03-24 22:11:22;2.34;9.07651;31.471;8.321;9.470;78.204;29.680;1477.153;46.183;2.32
2023-03-24 22:12:22;2.34;15.49425;31.440;8.320;9.466;78.170;29.650;1477.110;46.141;2.32
2023-03-24 22:13:22;2.35;11.82697;31.456;8.320;9.454;78.064;29.666;1477.130;46.164;2.33
2023-03-24 22:14:22;2.34;13.66061;31.538;8.324;9.436;77.929;29.748;1477.247;46.278;2.32
2023-03-24 22:15:22;2.35;12.74379;31.489;8.320;9.444;77.999;29.701;1477.172;46.212;2.33
2023-03-24 22:16:22;2.33;13.66061;31.461;8.328;9.444;77.995;29.664;1477.161;46.160;2.31
2023-03-24 22:17:22;2.35;16.41107;31.476;8.320;9.494;78.402;29.687;1477.156;46.193;2.33
2023-03-24 22:18:22;2.35;14.57743;31.469;8.321;9.512;78.545;29.679;1477.151;46.181;2.33
2023-03-24 22:19:22;2.35;10.91015;31.498;8.305;9.522;78.636;29.722;1477.143;46.244;2.33
2023-03-24 22:20:22;2.34;18.24471;31.401;8.305;9.541;78.786;29.621;1477.018;46.102;2.32
2023-03-24 22:21:22;2.34;16.41107;31.389;8.308;9.537;78.750;29.606;1477.011;46.080;2.32
2023-03-24 22:22:22;2.33;15.49425;31.302;8.297;9.550;78.859;29.524;1476.870;45.965;2.31
2023-03-24 22:23:22;2.32;13.66061;31.350;8.305;9.546;78.822;29.568;1476.952;46.026;2.30
2023-03-24 22:24:22;2.32;10.91015;31.412;8.309;9.543;78.778;29.630;1477.045;46.113;2.30
2023-03-24 22:25:22;2.34;11.82697;31.343;8.303;9.549;78.825;29.562;1476.939;46.019;2.32
2023-03-24 22:26:22;2.35;10.91015;31.361;8.299;9.536;78.730;29.584;1476.950;46.050;2.33
2023-03-24 22:27:22;2.34;13.66061;31.332;8.312;9.538;78.739;29.543;1476.949;45.990;2.32
2023-03-24 22:28:22;2.34;14.57743;31.370;8.314;9.535;78.722;29.582;1477.003;46.045;2.32
2023-03-24 22:29:22;2.32;13.66061;31.479;8.318;9.534;78.707;29.691;1477.155;46.199;2.30
2023-03-24 22:30:22;2.34;15.49425;31.310;8.311;9.524;78.628;29.521;1476.917;45.960;2.32
2023-03-24 22:31:22;2.33;18.24471;31.417;8.311;9.519;78.583;29.634;1477.056;46.118;2.31
2023-03-24 22:32:22;2.34;16.41107;31.414;8.315;9.510;78.534;29.626;1477.063;46.107;2.32
2023-03-24 22:33:22;2.32;12.74379;31.372;8.311;9.508;78.502;29.586;1476.997;46.051;2.30
2023-03-24 22:34:22;2.33;13.66061;31.419;8.320;9.516;78.572;29.628;1477.083;46.110;2.31
2023-03-24 22:35:22;2.32;17.32789;31.414;8.317;9.502;78.451;29.625;1477.068;46.106;2.30
2023-03-24 22:36:22;2.33;15.49425;31.466;8.331;9.504;78.479;29.666;1477.175;46.162;2.31
2023-03-24 22:37:22;2.32;14.57743;31.355;8.318;9.495;78.417;29.562;1476.996;46.017;2.30
2023-03-24 22:38:22;2.32;14.57743;31.380;8.324;9.508;78.510;29.583;1477.044;46.046;2.30
2023-03-24 22:39:22;2.33;14.57743;31.389;8.324;9.506;78.498;29.593;1477.056;46.059;2.31
2023-03-24 22:40:22;2.35;12.74379;31.480;8.317;9.508;78.498;29.694;1477.153;46.203;2.33
2023-03-24 22:41:22;2.34;10.91015;31.388;8.320;9.513;78.551;29.596;1477.043;46.064;2.32
2023-03-24 22:42:22;2.33;12.74379;31.449;8.321;9.500;78.443;29.658;1477.125;46.152;2.31
2023-03-24 22:43:22;2.35;11.82697;31.440;8.315;9.446;77.995;29.653;1477.097;46.145;2.33
2023-03-24 22:44:22;2.33;19.16153;31.517;8.318;9.449;78.025;29.731;1477.204;46.255;2.31
2023-03-24 22:45:22;2.34;13.66061;31.387;8.325;9.453;78.061;29.589;1477.057;46.054;2.32
2023-03-24 22:46:22;2.35;13.66061;31.491;8.320;9.457;78.097;29.703;1477.175;46.215;2.33
2023-03-24 22:47:22;2.33;9.99333;31.470;8.327;9.443;77.961;29.674;1477.167;46.174;2.31
2023-03-24 22:48:22;2.35;12.74379;31.374;8.318;9.444;77.972;29.582;1477.021;46.046;2.33
2023-03-24 22:49:22;2.32;9.07651;31.435;8.321;9.447;78.014;29.643;1477.107;46.131;2.30
2023-03-24 22:50:22;2.34;16.41107;31.413;8.333;9.420;77.778;29.610;1477.111;46.083;2.32
2023-03-24 22:51:22;2.33;12.74379;31.486;8.320;9.397;77.607;29.698;1477.169;46.208;2.31
2023-03-24 22:52:22;2.34;12.74379;31.482;8.320;9.409;77.685;29.694;1477.164;46.202;2.32
2023-03-24 22:53:22;2.32;13.66061;31.505;8.320;9.430;77.875;29.718;1477.193;46.236;2.30
2023-03-24 22:54:22;2.33;12.74379;31.482;8.308;9.417;77.763;29.703;1477.130;46.217;2.31
2023-03-24 22:55:22;2.33;12.74379;31.376;8.315;9.415;77.759;29.586;1477.014;46.051;2.31
2023-03-24 22:56:22;2.33;14.57743;31.384;8.321;9.424;77.816;29.590;1477.042;46.056;2.31
2023-03-24 22:57:22;2.34;13.66061;31.372;8.311;9.477;78.250;29.586;1476.997;46.051;2.32
2023-03-24 22:58:22;2.35;9.07651;31.415;8.315;9.480;78.281;29.627;1477.065;46.109;2.33
2023-03-24 22:59:22;2.35;13.66061;31.399;8.309;9.480;78.281;29.616;1477.029;46.094;2.33
2023-03-24 23:00:22;2.34;10.91015;31.355;8.300;9.478;78.253;29.577;1476.947;46.040;2.32
2023-03-24 23:01:22;2.34;9.07651;31.447;8.297;9.468;78.166;29.675;1477.057;46.179;2.32
2023-03-24 23:02:22;2.34;13.66061;31.425;8.314;9.468;78.175;29.639;1477.074;46.126;2.32
2023-03-24 23:03:22;2.34;13.66061;31.369;8.306;9.475;78.224;29.586;1476.981;46.052;2.32
2023-03-24 23:04:22;2.35;14.57743;31.436;8.311;9.476;78.237;29.653;1477.080;46.146;2.33
2023-03-24 23:05:22;2.32;12.74379;31.434;8.309;9.490;78.355;29.653;1477.073;46.145;2.30
2023-03-24 23:06:22;2.34;17.32789;31.400;8.309;9.489;78.345;29.616;1477.029;46.094;2.32
2023-03-24 23:07:22;2.35;14.57743;31.478;8.300;9.501;78.436;29.705;1477.105;46.220;2.33
2023-03-24 23:08:22;2.33;17.32789;31.400;8.296;9.505;78.464;29.628;1476.992;46.112;2.31
2023-03-24 23:09:22;2.33;11.82697;31.369;8.296;9.496;78.394;29.596;1476.953;46.066;2.31
2023-03-24 23:10:22;2.32;12.74379;31.387;8.293;9.510;78.499;29.617;1476.968;46.097;2.30
2023-03-24 23:11:22;2.34;11.82697;31.416;8.305;9.501;78.424;29.637;1477.038;46.124;2.32
2023-03-24 23:12:22;2.35;8.15969;31.370;8.294;9.487;78.307;29.598;1476.950;46.069;2.33
2023-03-24 23:13:22;2.33;14.57743;31.387;8.303;9.494;78.358;29.608;1476.996;46.083;2.31
2023-03-24 23:14:22;2.34;9.99333;31.305;8.286;9.509;78.496;29.537;1476.841;45.985;2.32
2023-03-24 23:15:22;2.32;12.74379;31.294;8.299;9.517;78.543;29.515;1476.864;45.953;2.30
2023-03-24 23:16:22;2.34;12.74379;31.327;8.290;9.511;78.507;29.557;1476.883;46.013;2.32
2023-03-24 23:17:22;2.33;10.91015;31.361;8.299;9.494;78.366;29.584;1476.950;46.050;2.31
2023-03-24 23:18:22;2.33;15.49425;31.455;8.294;9.497;78.386;29.686;1477.059;46.195;2.31
2023-03-24 23:19:22;2.33;16.41107;31.446;8.290;9.493;78.350;29.681;1477.036;46.188;2.31
2023-03-24 23:20:22;2.34;15.49425;31.360;8.292;9.492;78.352;29.590;1476.929;46.059;2.32
2023-03-24 23:21:22;2.32;12.74379;31.368;8.294;9.479;78.247;29.596;1476.947;46.067;2.30
2023-03-24 23:22:22;2.33;14.57743;31.384;8.300;9.493;78.345;29.607;1476.984;46.082;2.31
2023-03-24 23:23:22;2.33;12.74379;31.385;8.289;9.495;78.369;29.619;1476.953;46.100;2.31
2023-03-24 23:24:22;2.32;13.66061;31.426;8.293;9.502;78.422;29.658;1477.018;46.154;2.30
2023-03-24 23:25:22;2.32;12.74379;31.370;8.293;9.502;78.435;29.598;1476.945;46.071;2.30
2023-03-24 23:26:22;2.32;9.99333;31.395;8.293;9.494;78.358;29.625;1476.977;46.108;2.30
2023-03-24 23:27:22;2.33;12.74379;31.316;8.299;9.494;78.351;29.537;1476.892;45.984;2.31
2023-03-24 23:28:22;2.32;10.91015;31.336;8.293;9.498;78.398;29.564;1476.902;46.022;2.30
2023-03-24 23:29:22;2.32;16.41107;31.445;8.297;9.493;78.368;29.673;1477.054;46.176;2.30
2023-03-24 23:30:22;2.33;16.41107;31.447;8.303;9.498;78.398;29.671;1477.073;46.172;2.31
2023-03-24 23:31:22;2.32;11.82697;31.262;8.306;9.480;78.250;29.475;1476.844;45.896;2.30
2023-03-24 23:32:22;2.33;13.66061;31.373;8.309;9.455;78.053;29.589;1476.995;46.056;2.31
2023-03-24 23:33:22;2.33;16.41107;31.403;8.306;9.433;77.873;29.622;1477.025;46.103;2.31
2023-03-24 23:34:22;2.33;12.74379;31.368;8.302;9.462;78.114;29.589;1476.968;46.057;2.31
2023-03-24 23:35:22;2.33;12.74379;31.382;8.299;9.470;78.177;29.606;1476.977;46.081;2.31
2023-03-24 23:36:22;2.33;13.66061;31.464;8.309;9.482;78.283;29.683;1477.111;46.188;2.31
2023-03-24 23:37:22;2.32;14.57743;31.293;8.309;9.469;78.167;29.505;1476.892;45.938;2.30
2023-03-24 23:38:22;2.33;12.74379;31.383;8.302;9.472;78.197;29.605;1476.987;46.080;2.31
2023-03-24 23:39:22;2.32;18.24471;31.432;8.305;9.484;78.282;29.654;1477.058;46.148;2.30
2023-03-24 23:40:22;2.33;13.66061;31.310;8.302;9.475;78.215;29.529;1476.893;45.972;2.31
2023-03-24 23:41:22;2.32;12.74379;31.340;8.299;9.482;78.260;29.563;1476.924;46.020;2.30
2023-03-24 23:42:22;2.32;13.66061;31.419;8.305;9.488;78.315;29.640;1477.041;46.128;2.30
2023-03-24 23:43:22;2.34;16.41107;31.365;8.305;9.475;78.219;29.584;1476.972;46.049;2.32
2023-03-24 23:44:22;2.33;14.57743;31.390;8.299;9.481;78.251;29.615;1476.988;46.094;2.31
2023-03-24 23:45:22;2.32;11.82697;31.427;8.302;9.482;78.276;29.651;1477.043;46.144;2.30
2023-03-24 23:46:22;2.33;10.91015;31.353;8.297;9.475;78.215;29.578;1476.936;46.041;2.31
2023-03-24 23:47:22;2.32;9.99333;31.424;8.296;9.485;78.291;29.653;1477.023;46.147;2.30
2023-03-24 23:48:22;2.33;11.82697;31.499;8.302;9.485;78.295;29.726;1477.136;46.250;2.31
2023-03-24 23:49:22;2.35;13.66061;31.449;8.308;9.487;78.307;29.669;1477.089;46.169;2.33
2023-03-24 23:50:22;2.32;11.82697;31.433;8.315;9.454;78.036;29.646;1477.087;46.135;2.30
2023-03-24 23:51:22;2.33;11.82697;31.405;8.309;9.451;78.011;29.622;1477.035;46.102;2.31
2023-03-24 23:52:22;2.33;14.57743;31.392;8.314;9.440;77.936;29.604;1477.031;46.077;2.31
2023-03-24 23:53:22;2.32;15.49425;31.396;8.312;9.428;77.835;29.610;1477.033;46.086;2.30
2023-03-24 23:54:22;2.33;15.49425;31.448;8.311;9.443;77.968;29.665;1477.094;46.163;2.31
2023-03-24 23:55:22;2.33;15.49425;31.412;8.309;9.463;78.131;29.629;1477.044;46.112;2.31
2023-03-24 23:56:22;2.33;13.66061;31.429;8.308;9.442;77.949;29.649;1477.063;46.140;2.31
2023-03-24 23:57:22;2.32;15.49425;31.466;8.312;9.431;77.850;29.683;1477.121;46.187;2.30
2023-03-24 23:58:22;2.32;10.91015;31.412;8.306;9.459;78.088;29.632;1477.037;46.117;2.30
2023-03-24 23:59:22;2.34;13.66061;31.414;8.306;9.445;77.970;29.634;1477.039;46.119;2.32
2023-03-25 00:00:22;2.32;11.82697;31.389;8.315;9.400;77.624;29.600;1477.031;46.070;2.30
2023-03-25 00:01:22;2.33;14.57743;31.443;8.309;9.353;77.228;29.662;1477.085;46.158;2.31
2023-03-25 00:02:22;2.32;14.57743;31.500;8.303;9.326;77.011;29.725;1477.141;46.248;2.30
2023-03-25 00:03:22;2.33;11.82697;31.446;8.311;9.319;76.951;29.663;1477.092;46.160;2.31
2023-03-25 00:04:22;2.32;10.91015;31.471;8.312;9.315;76.909;29.688;1477.129;46.195;2.30
2023-03-25 00:05:22;2.33;7.24287;31.494;8.305;9.311;76.859;29.718;1477.137;46.238;2.31
2023-03-25 00:06:22;2.32;11.82697;31.431;8.305;9.288;76.676;29.652;1477.056;46.145;2.30
2023-03-25 00:07:22;2.33;9.07651;31.485;8.306;9.287;76.674;29.708;1477.131;46.224;2.31
2023-03-25 00:08:22;2.32;17.32789;31.483;8.293;9.302;76.794;29.717;1477.091;46.238;2.30
2023-03-25 00:09:22;2.32;16.41107;31.436;8.306;9.305;76.819;29.656;1477.067;46.151;2.30
2023-03-25 00:10:22;2.33;7.24287;31.366;8.312;9.292;76.713;29.578;1476.993;46.040;2.31
2023-03-25 00:11:22;2.32;12.74379;31.376;8.309;9.330;77.018;29.591;1476.998;46.059;2.30
2023-03-25 00:12:22;2.32;16.41107;31.478;8.305;9.332;77.049;29.702;1477.117;46.215;2.30
2023-03-25 00:13:22;2.33;16.41107;31.551;8.318;9.353;77.203;29.766;1477.247;46.304;2.31
2023-03-25 00:14:22;2.32;9.07651;31.473;8.306;9.344;77.146;29.695;1477.115;46.206;2.30
2023-03-25 00:15:22;2.32;9.99333;31.477;8.315;9.363;77.288;29.692;1477.145;46.201;2.30
2023-03-25 00:16:22;2.32;16.41107;31.452;8.296;9.388;77.511;29.682;1477.059;46.189;2.30
2023-03-25 00:17:22;2.31;9.07651;31.479;8.308;9.393;77.536;29.700;1477.126;46.213;2.29
2023-03-25 00:18:22;2.34;11.82697;31.451;8.305;9.370;77.351;29.674;1477.083;46.176;2.32
2023-03-25 00:19:22;2.33;10.91015;31.479;8.305;9.350;77.182;29.703;1477.119;46.217;2.31
2023-03-25 00:20:22;2.33;9.99333;31.435;8.294;9.327;76.997;29.665;1477.033;46.165;2.31
2023-03-25 00:21:22;2.34;14.57743;31.485;8.315;9.326;76.992;29.701;1477.155;46.212;2.32
2023-03-25 00:22:22;2.33;9.99333;31.454;8.308;9.331;77.032;29.674;1477.094;46.176;2.31
2023-03-25 00:23:22;2.32;9.07651;31.436;8.305;9.317;76.915;29.658;1477.063;46.154;2.30
2023-03-25 00:24:22;2.33;8.15969;31.447;8.296;9.297;76.751;29.677;1477.053;46.181;2.31
2023-03-25 00:25:22;2.33;10.91015;31.519;8.299;9.261;76.448;29.750;1477.154;46.283;2.31
2023-03-25 00:26:22;2.34;11.82697;31.487;8.299;9.243;76.303;29.716;1477.113;46.236;2.32
2023-03-25 00:27:22;2.33;9.99333;31.537;8.299;9.272;76.533;29.768;1477.177;46.309;2.31
2023-03-25 00:28:22;2.34;14.57743;31.471;8.311;9.339;77.082;29.689;1477.125;46.197;2.32
2023-03-25 00:29:22;2.35;12.74379;31.472;8.302;9.384;77.468;29.698;1477.102;46.210;2.33
2023-03-25 00:30:22;2.33;14.57743;31.460;8.296;9.364;77.291;29.690;1477.069;46.199;2.31
2023-03-25 00:31:22;2.32;11.82697;31.437;8.302;9.385;77.479;29.661;1477.056;46.158;2.30
2023-03-25 00:32:22;2.33;12.74379;31.478;8.300;9.390;77.511;29.706;1477.105;46.221;2.31
2023-03-25 00:33:22;2.33;12.74379;31.449;8.296;9.376;77.392;29.679;1477.055;46.184;2.31
2023-03-25 00:34:22;2.33;11.82697;31.456;8.305;9.365;77.304;29.679;1477.089;46.182;2.31
2023-03-25 00:35:22;2.32;10.91015;31.536;8.311;9.337;77.060;29.757;1477.208;46.293;2.30
2023-03-25 00:36:22;2.33;10.91015;31.425;8.299;9.356;77.228;29.651;1477.033;46.145;2.31
2023-03-25 00:37:22;2.33;13.66061;31.496;8.293;9.361;77.266;29.731;1477.108;46.257;2.31
2023-03-25 00:38:22;2.33;15.49425;31.561;8.303;9.374;77.375;29.790;1477.220;46.339;2.31
2023-03-25 00:39:22;2.33;13.66061;31.519;8.305;9.374;77.379;29.745;1477.170;46.275;2.31
2023-03-25 00:40:22;2.32;12.74379;31.484;8.306;9.357;77.241;29.707;1477.129;46.222;2.30
2023-03-25 00:41:22;2.33;11.82697;31.386;8.306;9.371;77.358;29.604;1477.003;46.078;2.31
2023-03-25 00:42:22;2.33;15.49425;31.402;8.308;9.369;77.345;29.620;1477.028;46.100;2.31
2023-03-25 00:43:22;2.33;11.82697;31.462;8.299;9.382;77.456;29.690;1477.081;46.200;2.31
2023-03-25 00:44:22;2.32;14.57743;31.454;8.302;9.388;77.492;29.679;1477.078;46.184;2.30
2023-03-25 00:45:22;2.34;13.66061;31.530;8.302;9.385;77.477;29.758;1477.176;46.295;2.32
2023-03-25 00:46:22;2.32;14.57743;31.522;8.302;9.379;77.417;29.750;1477.166;46.284;2.30
2023-03-25 00:47:22;2.32;12.74379;31.500;8.305;9.375;77.385;29.724;1477.145;46.247;2.30
2023-03-25 00:48:22;2.32;12.74379;31.417;8.314;9.382;77.438;29.630;1477.063;46.113;2.30
2023-03-25 00:49:22;2.34;12.74379;31.446;8.303;9.351;77.191;29.669;1477.072;46.169;2.32
2023-03-25 00:50:22;2.32;10.91015;31.416;8.305;9.333;77.051;29.637;1477.038;46.124;2.30
2023-03-25 00:51:22;2.32;11.82697;31.433;8.303;9.317;76.905;29.656;1477.056;46.151;2.30
2023-03-25 00:52:22;2.34;13.66061;31.409;8.297;9.340;77.104;29.636;1477.008;46.123;2.32
2023-03-25 00:53:22;2.33;12.74379;31.445;8.297;9.382;77.452;29.674;1477.054;46.176;2.31
2023-03-25 00:54:22;2.33;15.49425;31.337;8.292;9.402;77.616;29.565;1476.898;46.024;2.31
2023-03-25 00:55:22;2.32;11.82697;31.415;8.281;9.414;77.699;29.656;1476.970;46.153;2.30
2023-03-25 00:56:22;2.33;8.15969;31.390;8.277;9.418;77.722;29.634;1476.927;46.123;2.31
2023-03-25 00:57:22;2.33;16.41107;31.385;8.271;9.435;77.857;29.634;1476.904;46.123;2.31
2023-03-25 00:58:22;2.33;10.91015;31.292;8.278;9.441;77.903;29.530;1476.804;45.976;2.31
2023-03-25 00:59:22;2.33;14.57743;31.305;8.274;9.437;77.861;29.547;1476.809;46.001;2.31
2023-03-25 01:00:22;2.33;12.74379;31.395;8.283;9.423;77.751;29.634;1476.949;46.122;2.31
2023-03-25 01:01:22;2.33;11.82697;31.323;8.280;9.423;77.729;29.561;1476.848;46.019;2.31
2023-03-25 01:02:22;2.33;11.82697;31.337;8.289;9.423;77.743;29.568;1476.891;46.029;2.31
2023-03-25 01:03:22;2.33;11.82697;31.319;8.281;9.431;77.811;29.556;1476.847;46.012;2.31
2023-03-25 01:04:22;2.32;12.74379;31.397;8.281;9.409;77.625;29.637;1476.948;46.127;2.30
2023-03-25 01:05:22;2.32;13.66061;31.381;8.278;9.378;77.371;29.623;1476.919;46.107;2.30
2023-03-25 01:06:22;2.33;10.91015;31.501;8.287;9.359;77.218;29.740;1477.097;46.271;2.31
2023-03-25 01:07:22;2.33;13.66061;31.419;8.292;9.360;77.225;29.651;1477.004;46.145;2.31
2023-03-25 01:08:22;2.31;12.74379;31.416;8.280;9.385;77.440;29.658;1476.967;46.156;2.29
2023-03-25 01:09:22;2.33;10.91015;31.342;8.277;9.396;77.518;29.583;1476.864;46.051;2.31
2023-03-25 01:10:22;2.32;15.49425;31.431;8.280;9.399;77.545;29.674;1476.987;46.178;2.30
2023-03-25 01:11:22;2.32;10.91015;31.405;8.290;9.393;77.483;29.638;1476.983;46.127;2.30
2023-03-25 01:12:22;2.33;10.91015;31.442;8.286;9.371;77.310;29.680;1477.018;46.187;2.31
2023-03-25 01:13:22;2.33;13.66061;31.456;8.283;9.351;77.162;29.697;1477.028;46.211;2.31
2023-03-25 01:14:22;2.32;9.07651;31.407;8.286;9.380;77.390;29.643;1476.972;46.135;2.30
2023-03-25 01:15:22;2.32;8.15969;31.349;8.289;9.401;77.564;29.581;1476.906;46.046;2.30
2023-03-25 01:16:22;2.32;11.82697;31.436;8.281;9.395;77.516;29.678;1476.998;46.184;2.30
2023-03-25 01:17:22;2.32;17.32789;31.413;8.283;9.382;77.409;29.653;1476.973;46.149;2.30
2023-03-25 01:18:22;2.32;13.66061;31.401;8.286;9.354;77.173;29.638;1476.965;46.127;2.30
2023-03-25 01:19:22;2.33;11.82697;31.445;8.286;9.345;77.112;29.683;1477.021;46.191;2.31
2023-03-25 01:20:22;2.33;13.66061;31.379;8.281;9.340;77.068;29.618;1476.925;46.100;2.31
2023-03-25 01:21:22;2.34;15.49425;31.475;8.283;9.323;76.920;29.717;1477.052;46.240;2.32
2023-03-25 01:22:22;2.33;16.41107;31.391;8.277;9.293;76.681;29.634;1476.927;46.123;2.31
2023-03-25 01:23:22;2.32;11.82697;31.386;8.283;9.292;76.669;29.625;1476.938;46.109;2.30
2023-03-25 01:24:22;2.33;14.57743;31.421;8.289;9.295;76.698;29.656;1476.999;46.152;2.31
2023-03-25 01:25:22;2.33;12.74379;31.339;8.283;9.328;76.964;29.576;1476.877;46.040;2.31
2023-03-25 01:26:22;2.33;14.57743;31.399;8.290;9.356;77.191;29.631;1476.974;46.118;2.31
2023-03-25 01:27:22;2.33;13.66061;31.423;8.277;9.342;77.087;29.668;1476.969;46.171;2.31
2023-03-25 01:28:22;2.32;11.82697;31.428;8.287;9.370;77.312;29.665;1477.004;46.165;2.30
2023-03-25 01:29:22;2.33;15.49425;31.415;8.280;9.399;77.564;29.657;1476.967;46.155;2.31
2023-03-25 01:30:22;2.32;11.82697;31.422;8.290;9.394;77.526;29.655;1477.004;46.151;2.30
2023-03-25 01:31:22;2.33;18.24471;31.398;8.286;9.372;77.325;29.635;1476.961;46.123;2.31
2023-03-25 01:32:22;2.32;12.74379;31.392;8.294;9.343;77.102;29.621;1476.978;46.102;2.30
2023-03-25 01:33:22;2.33;14.57743;31.437;8.292;9.341;77.071;29.671;1477.028;46.173;2.31
2023-03-25 01:34:22;2.32;10.91015;31.368;8.292;9.355;77.194;29.598;1476.939;46.071;2.30
2023-03-25 01:35:22;2.33;11.82697;31.452;8.292;9.368;77.306;29.686;1477.048;46.195;2.31
2023-03-25 01:36:22;2.33;12.74379;31.387;8.280;9.416;77.699;29.628;1476.931;46.114;2.31
2023-03-25 01:37:22;2.32;10.91015;31.382;8.289;9.417;77.697;29.616;1476.949;46.096;2.30
2023-03-25 01:38:22;2.33;11.82697;31.354;8.287;9.403;77.596;29.587;1476.908;46.056;2.31
2023-03-25 01:39:22;2.33;13.66061;31.428;8.292;9.393;77.517;29.661;1477.016;46.159;2.31
2023-03-25 01:40:22;2.32;14.57743;31.427;8.287;9.404;77.612;29.664;1477.003;46.164;2.30
2023-03-25 01:41:22;2.32;19.16153;31.444;8.290;9.434;77.845;29.678;1477.032;46.184;2.30
2023-03-25 01:42:22;2.32;15.49425;31.420;8.300;9.419;77.728;29.644;1477.030;46.135;2.30
2023-03-25 01:43:22;2.32;10.91015;31.504;8.299;9.352;77.180;29.733;1477.134;46.260;2.30
2023-03-25 01:44:22;2.32;13.66061;31.486;8.296;9.321;76.943;29.718;1477.104;46.239;2.30
2023-03-25 01:45:22;2.32;16.41107;31.443;8.303;9.345;77.124;29.666;1477.068;46.165;2.30
2023-03-25 01:46:22;2.33;12.74379;31.479;8.303;9.324;76.955;29.704;1477.115;46.219;2.31
2023-03-25 01:47:22;2.33;10.91015;31.484;8.305;9.346;77.139;29.708;1477.125;46.224;2.31
2023-03-25 01:48:22;2.33;9.99333;31.417;8.302;9.368;77.324;29.641;1477.031;46.129;2.31
2023-03-25 01:49:22;2.32;11.82697;31.422;8.303;9.317;76.919;29.645;1477.042;46.135;2.30
2023-03-25 01:50:22;2.33;10.91015;31.393;8.305;9.286;76.650;29.613;1477.008;46.090;2.31
2023-03-25 01:51:22;2.32;9.07651;31.405;8.314;9.280;76.610;29.618;1477.048;46.097;2.30
2023-03-25 01:52:22;2.33;11.82697;31.452;8.308;9.283;76.629;29.672;1477.092;46.173;2.31
2023-03-25 01:53:22;2.33;12.74379;31.448;8.292;9.308;76.844;29.682;1477.042;46.188;2.31
2023-03-25 01:54:22;2.34;11.82697;31.449;8.306;9.330;77.030;29.671;1477.085;46.171;2.32
2023-03-25 01:55:22;2.33;14.57743;31.402;8.299;9.330;77.026;29.628;1477.003;46.111;2.31
2023-03-25 01:56:22;2.31;15.49425;31.441;8.296;9.351;77.195;29.671;1477.045;46.172;2.29
2023-03-25 01:57:22;2.33;13.66061;31.385;8.305;9.348;77.166;29.605;1476.997;46.078;2.31
2023-03-25 01:58:22;2.32;12.74379;31.374;8.293;9.335;77.051;29.603;1476.950;46.077;2.30
2023-03-25 01:59:22;2.32;9.07651;31.475;8.303;9.303;76.797;29.699;1477.109;46.212;2.30
2023-03-25 02:00:22;2.31;8.15969;31.428;8.299;9.295;76.720;29.654;1477.036;46.149;2.29
2023-03-25 02:01:22;2.32;15.49425;31.314;8.309;9.299;76.769;29.527;1476.919;45.969;2.30
2023-03-25 02:02:22;2.32;9.07651;31.426;8.296;9.324;76.963;29.655;1477.026;46.150;2.30
2023-03-25 02:03:22;2.32;11.82697;31.388;8.293;9.297;76.729;29.618;1476.969;46.099;2.30
2023-03-25 02:04:22;2.33;12.74379;31.386;8.299;9.297;76.729;29.611;1476.982;46.087;2.31
2023-03-25 02:05:22;2.32;9.99333;31.438;8.300;9.295;76.725;29.663;1477.053;46.162;2.30
2023-03-25 02:06:22;2.33;11.82697;31.426;8.302;9.266;76.484;29.650;1477.042;46.142;2.31
2023-03-25 02:07:22;2.33;10.91015;31.474;8.299;9.277;76.579;29.703;1477.096;46.217;2.31
2023-03-25 02:08:22;2.32;7.24287;31.418;8.302;9.257;76.408;29.641;1477.031;46.130;2.30
2023-03-25 02:09:22;2.32;9.07651;31.441;8.294;9.262;76.461;29.672;1477.041;46.174;2.30
2023-03-25 02:10:22;2.33;7.24287;31.412;8.302;9.261;76.440;29.635;1477.024;46.122;2.31
2023-03-25 02:11:22;2.32;8.15969;31.474;8.302;9.228;76.170;29.700;1477.104;46.213;2.30
2023-03-25 02:12:22;2.32;8.15969;31.390;8.300;9.200;75.944;29.614;1476.992;46.092;2.30
2023-03-25 02:13:22;2.33;8.15969;31.523;8.302;9.229;76.181;29.751;1477.166;46.284;2.31
2023-03-25 02:14:22;2.33;6.32605;31.417;8.299;9.229;76.185;29.643;1477.023;46.134;2.31
2023-03-25 02:15:22;2.32;3.57560;31.381;8.300;9.199;75.912;29.604;1476.980;46.078;2.30
2023-03-25 02:16:22;2.32;8.15969;31.553;8.271;9.158;75.582;29.808;1477.119;46.369;2.30
2023-03-25 02:17:22;2.32;5.40924;31.423;8.268;9.140;75.437;29.675;1476.944;46.181;2.30
2023-03-25 02:18:22;2.33;3.57560;31.390;8.258;9.116;75.222;29.649;1476.873;46.146;2.31
2023-03-25 02:19:22;2.33;6.32605;31.406;8.253;9.109;75.159;29.670;1476.882;46.176;2.31
2023-03-25 02:20:22;2.33;4.49242;31.546;8.256;9.115;75.188;29.814;1477.069;46.377;2.31
2023-03-25 02:21:22;2.32;6.32605;31.400;8.255;9.111;75.162;29.662;1476.877;46.165;2.30
2023-03-25 02:22:22;2.32;9.99333;31.497;8.263;9.113;75.166;29.756;1477.027;46.296;2.30
2023-03-25 02:23:22;2.33;7.24287;31.391;8.255;9.116;75.180;29.653;1476.866;46.152;2.31
2023-03-25 02:24:22;2.33;3.57560;31.452;8.263;9.119;75.218;29.710;1476.969;46.230;2.31
2023-03-25 02:25:22;2.33;3.57560;31.476;8.243;9.131;75.302;29.752;1476.943;46.292;2.31
2023-03-25 02:26:22;2.32;4.49242;31.503;8.250;9.141;75.369;29.774;1476.998;46.323;2.30
2023-03-25 02:27:22;2.32;7.24287;31.561;8.260;9.124;75.227;29.826;1477.101;46.394;2.30
2023-03-25 02:28:22;2.32;7.24287;31.526;8.244;9.124;75.220;29.803;1477.011;46.364;2.30
2023-03-25 02:29:22;2.33;5.40924;31.503;8.262;9.130;75.276;29.764;1477.031;46.307;2.31
2023-03-25 02:30:22;2.32;8.15969;31.523;8.268;9.112;75.138;29.780;1477.073;46.329;2.30
2023-03-25 02:31:22;2.31;12.74379;31.473;8.271;9.127;75.263;29.726;1477.017;46.252;2.29
2023-03-25 02:32:22;2.32;11.82697;31.480;8.274;9.160;75.532;29.730;1477.034;46.259;2.30
2023-03-25 02:33:22;2.31;9.07651;31.498;8.286;9.146;75.434;29.739;1477.090;46.269;2.29
2023-03-25 02:34:22;2.33;9.07651;31.501;8.275;9.139;75.383;29.750;1477.065;46.287;2.31
2023-03-25 02:35:22;2.33;8.15969;31.429;8.286;9.130;75.312;29.667;1477.001;46.168;2.31
2023-03-25 02:36:22;2.33;12.74379;31.131;8.181;9.234;76.152;29.443;1476.326;45.865;2.31
2023-03-25 02:37:22;2.33;9.99333;31.264;8.234;9.197;75.843;29.538;1476.645;45.992;2.31
2023-03-25 02:38:22;2.32;5.40924;31.234;8.249;9.188;75.765;29.494;1476.647;45.929;2.30
2023-03-25 02:39:22;2.33;7.24287;31.283;8.260;9.091;74.967;29.536;1476.744;45.986;2.31
2023-03-25 02:40:22;2.32;10.91015;31.288;8.275;9.017;74.347;29.528;1476.790;45.973;2.30
2023-03-25 02:41:22;2.33;8.15969;31.341;8.258;9.044;74.578;29.598;1476.810;46.075;2.31
2023-03-25 02:42:22;2.32;9.99333;31.452;8.283;9.129;75.275;29.693;1477.022;46.206;2.30
2023-03-25 02:43:22;2.32;11.82697;31.424;8.286;9.152;75.479;29.661;1476.994;46.160;2.30
2023-03-25 02:44:22;2.32;10.91015;31.408;8.278;9.168;75.622;29.651;1476.954;46.147;2.30
2023-03-25 02:45:22;2.31;11.82697;31.414;8.280;9.151;75.481;29.657;1476.966;46.154;2.29
2023-03-25 02:46:22;2.32;7.24287;31.406;8.286;9.179;75.708;29.643;1476.971;46.134;2.30
2023-03-25 02:47:22;2.32;5.40924;31.525;8.281;9.203;75.904;29.771;1477.113;46.315;2.30
2023-03-25 02:48:22;2.33;5.40924;31.501;8.296;9.174;75.683;29.734;1477.123;46.261;2.31
2023-03-25 02:49:22;2.32;10.91015;31.437;8.283;9.156;75.539;29.678;1477.003;46.184;2.30
2023-03-25 02:50:22;2.32;5.40924;31.473;8.287;9.182;75.742;29.711;1477.061;46.230;2.30
2023-03-25 02:51:22;2.31;8.15969;31.490;8.286;9.142;75.442;29.731;1477.080;46.258;2.29
2023-03-25 02:52:22;2.32;7.24287;31.481;8.284;9.101;75.080;29.722;1477.063;46.246;2.30
2023-03-25 02:53:22;2.33;9.99333;31.456;8.286;9.115;75.188;29.694;1477.035;46.207;2.31
2023-03-25 02:54:22;2.32;9.07651;31.505;8.287;9.163;75.597;29.744;1477.102;46.277;2.30
2023-03-25 02:55:22;2.31;4.49242;31.476;8.283;9.189;75.809;29.718;1477.053;46.240;2.29
2023-03-25 02:56:22;2.33;9.07651;31.435;8.283;9.180;75.742;29.675;1477.000;46.180;2.31
2023-03-25 02:57:22;2.32;6.32605;31.451;8.286;9.163;75.587;29.690;1477.029;46.200;2.30
2023-03-25 02:58:22;2.33;4.49242;31.494;8.283;9.136;75.388;29.737;1477.076;46.266;2.31
2023-03-25 02:59:22;2.32;9.07651;31.461;8.265;9.128;75.307;29.717;1476.984;46.241;2.30
2023-03-25 03:00:22;2.33;9.07651;31.417;8.269;9.117;75.211;29.668;1476.940;46.171;2.31
2023-03-25 03:01:22;2.32;7.24287;31.500;8.287;9.151;75.485;29.740;1477.097;46.270;2.30
2023-03-25 03:02:22;2.32;5.40924;31.430;8.289;9.161;75.582;29.665;1477.010;46.165;2.30
2023-03-25 03:03:22;2.32;8.15969;31.494;8.284;9.154;75.517;29.736;1477.080;46.265;2.30
2023-03-25 03:04:22;2.33;10.91015;31.461;8.271;9.159;75.550;29.712;1477.001;46.233;2.31
2023-03-25 03:05:22;2.31;8.15969;31.462;8.277;9.147;75.462;29.709;1477.019;46.228;2.29
2023-03-25 03:06:22;2.31;8.15969;31.451;8.280;9.123;75.260;29.695;1477.013;46.208;2.29
2023-03-25 03:07:22;2.32;7.24287;31.481;8.272;9.126;75.295;29.732;1477.031;46.261;2.30
2023-03-25 03:08:22;2.32;7.24287;31.507;8.272;9.124;75.276;29.760;1477.065;46.300;2.30
2023-03-25 03:09:22;2.32;6.32605;31.521;8.280;9.133;75.338;29.768;1477.103;46.310;2.30
2023-03-25 03:10:22;2.33;8.15969;31.533;8.265;9.142;75.411;29.792;1477.077;46.347;2.31
2023-03-25 03:11:22;2.32;5.40924;31.440;8.269;9.129;75.301;29.692;1476.970;46.205;2.30
2023-03-25 03:12:22;2.32;7.24287;31.527;8.266;9.119;75.212;29.786;1477.074;46.337;2.30
2023-03-25 03:13:22;2.33;6.32605;31.538;8.265;9.115;75.185;29.798;1477.084;46.354;2.31
2023-03-25 03:14:22;2.32;6.32605;31.499;8.272;9.133;75.329;29.752;1477.055;46.289;2.30
2023-03-25 03:15:22;2.31;8.15969;31.519;8.274;9.146;75.438;29.771;1477.084;46.316;2.29
2023-03-25 03:16:22;2.32;11.82697;31.543;8.263;9.101;75.076;29.804;1477.086;46.364;2.30
2023-03-25 03:17:22;2.32;7.24287;31.453;8.268;9.082;74.911;29.707;1476.983;46.226;2.30
2023-03-25 03:18:22;2.31;5.40924;31.525;8.271;9.073;74.832;29.779;1477.083;46.328;2.29
2023-03-25 03:19:22;2.32;8.15969;31.459;8.265;9.060;74.721;29.716;1476.983;46.239;2.30
2023-03-25 03:20:22;2.32;5.40924;31.512;8.272;9.031;74.487;29.765;1477.071;46.307;2.30
2023-03-25 03:21:22;2.31;7.24287;31.564;8.268;9.057;74.700;29.823;1477.126;46.389;2.29
2023-03-25 03:22:22;2.33;6.32605;31.499;8.255;9.069;74.801;29.766;1477.005;46.311;2.31
2023-03-25 03:23:22;2.32;3.57560;31.529;8.263;9.092;74.978;29.790;1477.068;46.344;2.30
2023-03-25 03:24:22;2.32;7.24287;31.522;8.258;9.118;75.190;29.788;1477.043;46.341;2.30
2023-03-25 03:25:22;2.32;4.49242;31.516;8.250;9.122;75.220;29.788;1477.015;46.342;2.30
2023-03-25 03:26:22;2.32;6.32605;31.479;8.259;9.079;74.870;29.742;1476.992;46.276;2.30
2023-03-25 03:27:22;2.32;5.40924;31.581;8.262;9.063;74.749;29.845;1477.131;46.422;2.30
2023-03-25 03:28:22;2.32;7.24287;31.532;8.262;9.062;74.739;29.795;1477.069;46.351;2.30
2023-03-25 03:29:22;2.33;7.24287;31.509;8.260;9.075;74.846;29.771;1477.035;46.318;2.31
2023-03-25 03:30:22;2.33;6.32605;31.542;8.260;9.072;74.821;29.806;1477.077;46.366;2.31
2023-03-25 03:31:22;2.31;9.07651;31.546;8.286;9.118;75.195;29.788;1477.151;46.339;2.29
2023-03-25 03:32:22;2.32;12.74379;31.499;8.280;9.142;75.407;29.745;1477.075;46.278;2.30
2023-03-25 03:33:22;2.33;9.99333;31.419;8.293;9.169;75.628;29.651;1477.009;46.144;2.31
2023-03-25 03:34:22;2.31;8.15969;31.557;8.283;9.141;75.403;29.803;1477.157;46.360;2.29
2023-03-25 03:35:22;2.32;9.99333;31.506;8.284;9.141;75.405;29.748;1477.095;46.282;2.30
2023-03-25 03:36:22;2.33;8.15969;31.484;8.286;9.153;75.523;29.724;1477.072;46.249;2.31
2023-03-25 03:37:22;2.32;7.24287;31.491;8.296;9.148;75.486;29.723;1477.109;46.245;2.30
2023-03-25 03:38:22;2.33;4.49242;31.489;8.296;9.118;75.227;29.721;1477.107;46.243;2.31
2023-03-25 03:39:22;2.32;7.24287;31.524;8.281;9.120;75.250;29.770;1477.111;46.314;2.30
2023-03-25 03:40:22;2.32;9.99333;31.564;8.287;9.119;75.252;29.807;1477.179;46.364;2.30
2023-03-25 03:41:22;2.32;9.07651;31.521;8.286;9.113;75.189;29.762;1477.119;46.302;2.30
2023-03-25 03:42:22;2.32;9.07651;31.539;8.278;9.104;75.113;29.788;1477.122;46.339;2.30
2023-03-25 03:43:22;2.33;5.40924;31.480;8.275;9.108;75.135;29.729;1477.038;46.257;2.31
2023-03-25 03:44:22;2.32;4.49242;31.536;8.278;9.109;75.164;29.785;1477.119;46.335;2.30
2023-03-25 03:45:22;2.32;9.99333;31.490;8.289;9.181;75.734;29.728;1477.088;46.254;2.30
2023-03-25 03:46:22;2.33;6.32605;31.503;8.289;9.209;75.972;29.741;1477.104;46.272;2.31
2023-03-25 03:47:22;2.33;9.07651;31.537;8.280;9.182;75.750;29.785;1477.124;46.334;2.31
2023-03-25 03:48:22;2.32;9.99333;31.552;8.274;9.162;75.585;29.805;1477.127;46.364;2.30
2023-03-25 03:49:22;2.32;7.24287;31.549;8.278;9.153;75.501;29.798;1477.135;46.354;2.30
2023-03-25 03:50:22;2.32;7.24287;31.484;8.283;9.142;75.416;29.727;1477.064;46.253;2.30
2023-03-25 03:51:22;2.31;8.15969;31.443;8.284;9.131;75.319;29.682;1477.014;46.190;2.29
2023-03-25 03:52:22;2.32;6.32605;31.535;8.266;9.090;74.985;29.793;1477.084;46.348;2.30
2023-03-25 03:53:22;2.33;8.15969;31.558;8.274;9.109;75.131;29.812;1477.135;46.373;2.31
2023-03-25 03:54:22;2.32;8.15969;31.366;8.275;9.104;75.093;29.610;1476.891;46.089;2.30
2023-03-25 03:55:22;2.32;9.99333;31.467;8.274;9.121;75.229;29.717;1477.018;46.240;2.30
2023-03-25 03:56:22;2.32;9.99333;31.479;8.275;9.123;75.234;29.728;1477.037;46.255;2.30
2023-03-25 03:57:22;2.32;5.40924;31.563;8.272;9.129;75.301;29.818;1477.137;46.382;2.30
2023-03-25 03:58:22;2.32;9.99333;31.577;8.275;9.143;75.417;29.830;1477.163;46.399;2.30
2023-03-25 03:59:22;2.32;6.32605;31.572;8.272;9.159;75.550;29.827;1477.148;46.395;2.30
2023-03-25 04:00:22;2.30;9.07651;31.587;8.269;9.151;75.489;29.846;1477.160;46.422;2.28
2023-03-25 04:01:22;2.32;8.15969;31.508;8.275;9.139;75.395;29.758;1477.074;46.298;2.30
2023-03-25 04:02:22;2.33;8.15969;31.544;8.268;9.127;75.289;29.801;1477.100;46.359;2.31
2023-03-25 04:03:22;2.32;6.32605;31.531;8.266;9.107;75.121;29.790;1477.079;46.343;2.30
2023-03-25 04:04:22;2.32;7.24287;31.463;8.269;9.103;75.091;29.716;1477.000;46.239;2.30
2023-03-25 04:05:22;2.30;16.41107;31.539;8.278;9.103;75.090;29.788;1477.122;46.339;2.28
2023-03-25 04:06:22;2.32;9.07651;31.511;8.275;9.115;75.184;29.761;1477.078;46.302;2.30
2023-03-25 04:07:22;2.31;13.66061;31.425;8.292;9.140;75.401;29.658;1477.012;46.154;2.29
2023-03-25 04:08:22;2.32;12.74379;31.455;8.287;9.167;75.624;29.693;1477.039;46.205;2.30
2023-03-25 04:09:22;2.33;9.99333;31.524;8.281;9.207;75.953;29.769;1477.111;46.313;2.31
2023-03-25 04:10:22;2.32;13.66061;31.540;8.283;9.198;75.897;29.785;1477.135;46.334;2.30
2023-03-25 04:11:22;2.32;11.82697;31.554;8.281;9.190;75.826;29.801;1477.149;46.357;2.30
2023-03-25 04:12:22;2.32;19.16153;31.563;8.275;9.176;75.717;29.815;1477.145;46.378;2.30
2023-03-25 04:13:22;2.32;9.07651;31.566;8.277;9.178;75.728;29.817;1477.153;46.380;2.30
2023-03-25 04:14:22;2.32;13.66061;31.414;8.277;9.155;75.550;29.659;1476.958;46.158;2.30
2023-03-25 04:15:22;2.32;10.91015;31.522;8.278;9.166;75.623;29.770;1477.100;46.314;2.30
2023-03-25 04:16:22;2.32;11.82697;31.505;8.281;9.182;75.754;29.750;1477.086;46.285;2.30
2023-03-25 04:17:22;2.33;9.07651;31.439;8.278;9.180;75.732;29.684;1476.994;46.192;2.31
2023-03-25 04:18:22;2.32;9.99333;31.513;8.281;9.217;76.043;29.759;1477.097;46.298;2.30
2023-03-25 04:19:22;2.32;7.24287;31.428;8.281;9.213;75.999;29.670;1476.987;46.172;2.30
2023-03-25 04:20:22;2.33;9.07651;31.539;8.284;9.202;75.928;29.783;1477.138;46.331;2.31
2023-03-25 04:21:22;2.32;7.24287;31.543;8.277;9.166;75.630;29.793;1477.123;46.347;2.30
2023-03-25 04:22:22;2.31;9.07651;31.452;8.269;9.164;75.593;29.705;1476.986;46.223;2.29
2023-03-25 04:23:22;2.32;13.66061;31.496;8.281;9.200;75.902;29.741;1477.075;46.273;2.30
2023-03-25 04:24:22;2.32;10.91015;31.601;8.286;9.250;76.313;29.846;1477.222;46.420;2.30
2023-03-25 04:25:22;2.32;8.15969;31.527;8.289;9.214;76.015;29.767;1477.136;46.309;2.30
2023-03-25 04:26:22;2.32;9.07651;31.481;8.284;9.183;75.764;29.722;1477.064;46.246;2.30
2023-03-25 04:27:22;2.33;9.07651;31.540;8.275;9.165;75.605;29.791;1477.115;46.344;2.31
2023-03-25 04:28:22;2.32;9.99333;31.539;8.280;9.145;75.454;29.787;1477.127;46.338;2.30
2023-03-25 04:29:22;2.30;9.99333;31.494;8.272;9.148;75.472;29.746;1477.048;46.281;2.28
2023-03-25 04:30:22;2.32;9.99333;31.466;8.280;9.180;75.728;29.711;1477.033;46.230;2.30
2023-03-25 04:31:22;2.32;9.07651;31.472;8.280;9.191;75.824;29.717;1477.040;46.239;2.30
2023-03-25 04:32:22;2.30;9.07651;31.434;8.280;9.188;75.803;29.677;1476.990;46.182;2.28
2023-03-25 04:33:22;2.32;9.99333;31.392;8.287;9.210;75.986;29.627;1476.957;46.112;2.30
2023-03-25 04:34:22;2.32;11.82697;31.485;8.281;9.263;76.424;29.729;1477.061;46.256;2.30
2023-03-25 04:35:22;2.32;9.99333;31.477;8.278;9.221;76.080;29.723;1477.042;46.248;2.30
2023-03-25 04:36:22;2.32;11.82697;31.522;8.268;9.183;75.765;29.779;1477.072;46.328;2.30
2023-03-25 04:37:22;2.30;8.15969;31.473;8.269;9.188;75.796;29.726;1477.012;46.254;2.28
2023-03-25 04:38:22;2.32;8.15969;31.525;8.277;9.169;75.646;29.774;1477.099;46.320;2.30
2023-03-25 04:39:22;2.32;10.91015;31.512;8.275;9.160;75.570;29.763;1477.080;46.304;2.30
2023-03-25 04:40:22;2.33;9.07651;31.440;8.280;9.151;75.502;29.683;1476.999;46.192;2.31
2023-03-25 04:41:22;2.32;6.32605;31.457;8.278;9.191;75.814;29.702;1477.016;46.218;2.30
2023-03-25 04:42:22;2.32;11.82697;31.490;8.274;9.185;75.783;29.741;1477.047;46.273;2.30
2023-03-25 04:43:22;2.32;9.99333;31.452;8.274;9.174;75.674;29.701;1476.998;46.217;2.30
2023-03-25 04:44:22;2.32;9.99333;31.493;8.275;9.170;75.652;29.743;1477.055;46.276;2.30
2023-03-25 04:45:22;2.32;17.32789;31.545;8.284;9.156;75.518;29.789;1477.146;46.340;2.30
2023-03-25 04:46:22;2.32;12.74379;31.495;8.280;9.192;75.840;29.740;1477.069;46.272;2.30
2023-03-25 04:47:22;2.32;11.82697;31.520;8.274;9.199;75.895;29.771;1477.085;46.316;2.30
2023-03-25 04:48:22;2.32;9.99333;31.509;8.284;9.222;76.073;29.752;1477.100;46.287;2.30
2023-03-25 04:49:22;2.32;8.15969;31.489;8.281;9.243;76.253;29.733;1477.066;46.261;2.30
2023-03-25 04:50:22;2.33;11.82697;31.548;8.278;9.238;76.221;29.797;1477.133;46.352;2.31
2023-03-25 04:51:22;2.33;12.74379;31.581;8.289;9.229;76.135;29.823;1477.205;46.388;2.31
2023-03-25 04:52:22;2.31;12.74379;31.513;8.283;9.213;76.011;29.757;1477.101;46.295;2.29
2023-03-25 04:53:22;2.32;10.91015;31.532;8.281;9.205;75.949;29.778;1477.121;46.325;2.30
2023-03-25 04:54:22;2.32;8.15969;31.438;8.286;9.222;76.083;29.676;1477.012;46.181;2.30
2023-03-25 04:55:22;2.32;9.07651;31.459;8.274;9.197;75.873;29.708;1477.007;46.227;2.30
2023-03-25 04:56:22;2.32;9.07651;31.429;8.268;9.164;75.603;29.681;1476.952;46.190;2.30
2023-03-25 04:57:22;2.32;9.99333;31.513;8.269;9.171;75.654;29.769;1477.065;46.313;2.30
2023-03-25 04:58:22;2.32;9.07651;31.435;8.278;9.179;75.714;29.679;1476.988;46.186;2.30
2023-03-25 04:59:22;2.32;8.15969;31.511;8.265;9.167;75.619;29.770;1477.050;46.316;2.30
2023-03-25 05:00:22;2.32;9.99333;31.499;8.265;9.159;75.542;29.757;1477.034;46.297;2.30
2023-03-25 05:01:22;2.31;9.07651;31.518;8.271;9.141;75.405;29.772;1477.074;46.318;2.29
2023-03-25 05:02:22;2.32;9.99333;31.468;8.262;9.139;75.377;29.728;1476.986;46.256;2.30
2023-03-25 05:03:22;2.32;7.24287;31.506;8.266;9.137;75.368;29.763;1477.047;46.306;2.30
2023-03-25 05:04:22;2.33;9.07651;31.523;8.275;9.147;75.436;29.774;1477.094;46.319;2.31
2023-03-25 05:05:22;2.32;7.24287;31.470;8.266;9.182;75.742;29.726;1477.000;46.253;2.30
2023-03-25 05:06:22;2.32;9.99333;31.517;8.277;9.179;75.708;29.766;1477.089;46.308;2.30
2023-03-25 05:07:22;2.31;5.40924;31.437;8.265;9.184;75.733;29.693;1476.954;46.207;2.29
2023-03-25 05:08:22;2.32;9.99333;31.403;8.275;9.179;75.714;29.649;1476.939;46.144;2.30
2023-03-25 05:09:22;2.29;10.91015;31.537;8.268;9.162;75.573;29.795;1477.091;46.350;2.27
2023-03-25 05:10:22;2.32;9.07651;31.462;8.268;9.159;75.542;29.716;1476.994;46.239;2.30
2023-03-25 05:11:22;2.32;10.91015;31.552;8.269;9.140;75.371;29.809;1477.115;46.370;2.30
2023-03-25 05:12:22;2.33;10.91015;31.532;8.263;9.125;75.249;29.793;1477.073;46.348;2.31
2023-03-25 05:13:22;2.33;8.15969;31.433;8.259;9.114;75.174;29.693;1476.932;46.208;2.31
2023-03-25 05:14:22;2.32;9.07651;31.507;8.259;9.146;75.420;29.771;1477.028;46.317;2.30
2023-03-25 05:15:22;2.32;8.15969;31.498;8.260;9.141;75.383;29.760;1477.021;46.302;2.30
2023-03-25 05:16:22;2.30;12.74379;31.337;8.252;9.136;75.344;29.600;1476.789;46.077;2.28
2023-03-25 05:17:22;2.31;12.74379;31.391;8.259;9.141;75.379;29.649;1476.878;46.146;2.29
2023-03-25 05:18:22;2.32;11.82697;31.403;8.259;9.138;75.354;29.662;1476.894;46.165;2.30
2023-03-25 05:19:22;2.32;9.99333;31.486;8.252;9.174;75.648;29.755;1476.981;46.296;2.30
2023-03-25 05:20:22;2.32;11.82697;31.446;8.260;9.169;75.612;29.706;1476.953;46.225;2.30
2023-03-25 05:21:22;2.32;14.57743;31.403;8.258;9.161;75.552;29.663;1476.890;46.166;2.30
2023-03-25 05:22:22;2.32;8.15969;31.489;8.256;9.203;75.893;29.755;1476.997;46.295;2.30
2023-03-25 05:23:22;2.32;9.07651;31.516;8.274;9.208;75.936;29.767;1477.080;46.310;2.30
2023-03-25 05:24:22;2.33;6.32605;31.417;8.260;9.213;75.974;29.675;1476.916;46.183;2.31
2023-03-25 05:25:22;2.32;4.49242;31.436;8.260;9.206;75.913;29.695;1476.940;46.210;2.30
2023-03-25 05:26:22;2.31;8.15969;31.354;8.256;9.185;75.732;29.614;1476.823;46.096;2.29
2023-03-25 05:27:22;2.31;12.74379;31.411;8.256;9.196;75.831;29.673;1476.896;46.180;2.29
2023-03-25 05:28:22;2.32;7.24287;31.506;8.266;9.220;76.034;29.763;1477.047;46.305;2.30
2023-03-25 05:29:22;2.33;5.40924;31.366;8.260;9.195;75.820;29.622;1476.850;46.107;2.31
2023-03-25 05:30:22;2.31;7.24287;31.477;8.260;9.181;75.704;29.738;1476.993;46.270;2.29
2023-03-25 05:31:22;2.33;6.32605;31.427;8.262;9.187;75.759;29.685;1476.934;46.196;2.31
2023-03-25 05:32:22;2.32;7.24287;31.463;8.253;9.172;75.636;29.730;1476.955;46.260;2.30
2023-03-25 05:33:22;2.32;11.82697;31.431;8.256;9.161;75.543;29.693;1476.921;46.209;2.30
2023-03-25 05:34:22;2.32;10.91015;31.499;8.263;9.215;75.995;29.759;1477.030;46.300;2.30
2023-03-25 05:35:22;2.33;8.15969;31.434;8.268;9.254;76.308;29.687;1476.959;46.198;2.31
2023-03-25 05:36:22;2.31;8.15969;31.463;8.256;9.255;76.317;29.727;1476.963;46.256;2.29
2023-03-25 05:37:22;2.32;10.91015;31.523;8.256;9.254;76.320;29.790;1477.040;46.344;2.30
2023-03-25 05:38:22;2.32;10.91015;31.428;8.258;9.264;76.392;29.689;1476.921;46.202;2.30
2023-03-25 05:39:22;2.32;7.24287;31.467;8.252;9.226;76.069;29.736;1476.956;46.268;2.30
2023-03-25 05:40:22;2.32;9.99333;31.487;8.256;9.230;76.098;29.753;1476.994;46.292;2.30
2023-03-25 05:41:22;2.31;9.99333;31.450;8.269;9.231;76.108;29.702;1476.983;46.219;2.29
2023-03-25 05:42:22;2.32;7.24287;31.558;8.262;9.224;76.039;29.821;1477.101;46.388;2.30
2023-03-25 05:43:22;2.32;10.91015;31.444;8.266;9.286;76.564;29.699;1476.967;46.215;2.30
2023-03-25 05:44:22;2.31;7.24287;31.409;8.262;9.285;76.554;29.666;1476.910;46.170;2.29
2023-03-25 05:45:22;2.32;11.82697;31.366;8.259;9.293;76.633;29.623;1476.846;46.110;2.30
2023-03-25 05:46:22;2.31;12.74379;31.516;8.253;9.286;76.572;29.785;1477.023;46.338;2.29
2023-03-25 05:47:22;2.32;9.99333;31.452;8.253;9.312;76.788;29.719;1476.941;46.244;2.30
2023-03-25 05:48:22;2.32;13.66061;31.489;8.258;9.309;76.764;29.753;1477.000;46.292;2.30
2023-03-25 05:49:22;2.32;16.41107;31.459;8.252;9.294;76.637;29.727;1476.946;46.256;2.30
2023-03-25 05:50:22;2.32;9.99333;31.464;8.260;9.309;76.751;29.725;1476.977;46.252;2.30
2023-03-25 05:51:22;2.32;10.91015;31.479;8.263;9.318;76.825;29.737;1477.004;46.270;2.30
2023-03-25 05:52:22;2.32;9.07651;31.387;8.255;9.290;76.612;29.649;1476.861;46.147;2.30
2023-03-25 05:53:22;2.32;10.91015;31.355;8.253;9.283;76.544;29.616;1476.815;46.101;2.30
2023-03-25 05:54:22;2.32;8.15969;31.422;8.266;9.292;76.626;29.676;1476.939;46.183;2.30
2023-03-25 05:55:22;2.31;6.32605;31.377;8.255;9.269;76.435;29.639;1476.848;46.132;2.29
2023-03-25 05:56:22;2.33;11.82697;31.445;8.258;9.305;76.719;29.708;1476.944;46.228;2.31
2023-03-25 05:57:22;2.32;9.99333;31.380;8.258;9.316;76.811;29.639;1476.860;46.132;2.30
2023-03-25 05:58:22;2.33;11.82697;31.510;8.255;9.326;76.894;29.778;1477.020;46.328;2.31
2023-03-25 05:59:22;2.31;8.15969;31.530;8.258;9.312;76.784;29.796;1477.054;46.353;2.29
2023-03-25 06:00:22;2.33;8.15969;31.619;8.256;9.278;76.502;29.890;1477.164;46.485;2.31
2023-03-25 06:01:22;2.33;9.99333;31.492;8.262;9.250;76.267;29.752;1477.017;46.291;2.31
2023-03-25 06:02:22;2.33;9.07651;31.534;8.263;9.232;76.119;29.795;1477.075;46.351;2.31
2023-03-25 06:03:22;2.33;12.74379;31.514;8.235;9.217;75.991;29.798;1476.972;46.358;2.31
2023-03-25 06:04:22;2.33;9.99333;31.547;8.252;9.251;76.271;29.819;1477.059;46.386;2.31
2023-03-25 06:05:22;2.32;7.24287;31.599;8.253;9.262;76.370;29.872;1477.130;46.460;2.30
2023-03-25 06:06:22;2.34;13.66061;31.509;8.259;9.195;75.827;29.773;1477.031;46.320;2.32
2023-03-25 06:07:22;2.32;12.74379;31.551;8.268;9.207;75.919;29.809;1477.109;46.370;2.30
2023-03-25 06:08:22;2.32;9.99333;31.460;8.253;9.271;76.444;29.726;1476.951;46.255;2.30
2023-03-25 06:09:22;2.34;10.91015;31.492;8.262;9.269;76.434;29.753;1477.017;46.291;2.32
2023-03-25 06:10:22;2.32;10.91015;31.549;8.260;9.249;76.271;29.814;1477.087;46.377;2.30
2023-03-25 06:11:22;2.33;7.24287;31.506;8.255;9.254;76.310;29.774;1477.015;46.322;2.31
2023-03-25 06:12:22;2.32;9.99333;31.444;8.252;9.226;76.075;29.711;1476.926;46.234;2.30
2023-03-25 06:13:22;2.34;9.99333;31.389;8.262;9.205;75.897;29.645;1476.884;46.139;2.32
2023-03-25 06:14:22;2.32;12.74379;31.510;8.258;9.278;76.492;29.776;1477.028;46.324;2.30
2023-03-25 06:15:22;2.33;8.15969;31.461;8.263;9.242;76.201;29.718;1476.980;46.243;2.31
2023-03-25 06:16:22;2.31;9.99333;31.466;8.268;9.177;75.657;29.720;1476.999;46.245;2.29
2023-03-25 06:17:22;2.33;8.15969;31.476;8.266;9.139;75.357;29.732;1477.009;46.262;2.31
2023-03-25 06:18:22;2.32;9.07651;31.497;8.259;9.145;75.410;29.760;1477.014;46.302;2.30
2023-03-25 06:19:22;2.33;9.07651;31.409;8.269;9.066;74.755;29.659;1476.930;46.159;2.31
2023-03-25 06:20:22;2.32;7.24287;31.468;8.268;8.979;74.052;29.722;1477.001;46.247;2.30
2023-03-25 06:21:22;2.32;6.32605;31.513;8.272;9.053;74.670;29.765;1477.072;46.308;2.30
2023-03-25 06:22:22;2.32;7.24287;31.464;8.263;9.121;75.229;29.722;1476.985;46.248;2.30
2023-03-25 06:23:22;2.33;9.99333;31.421;8.265;9.034;74.499;29.676;1476.933;46.183;2.31
2023-03-25 06:24:22;2.33;10.91015;31.365;8.262;9.010;74.310;29.620;1476.853;46.105;2.31
2023-03-25 06:25:22;2.32;9.07651;31.438;8.265;9.038;74.531;29.693;1476.955;46.208;2.30
2023-03-25 06:26:22;2.33;9.99333;31.575;8.260;9.072;74.818;29.841;1477.120;46.416;2.31
2023-03-25 06:27:22;2.33;8.15969;31.414;8.263;9.112;75.152;29.670;1476.920;46.174;2.31
2023-03-25 06:28:22;2.35;8.15969;31.348;8.263;9.110;75.124;29.601;1476.836;46.077;2.33
2023-03-25 06:29:22;2.33;8.15969;31.431;8.253;9.083;74.899;29.697;1476.914;46.214;2.31
2023-03-25 06:30:22;2.32;8.15969;31.483;8.253;9.152;75.469;29.750;1476.980;46.289;2.30
2023-03-25 06:31:22;2.32;3.57560;31.451;8.258;9.207;75.925;29.713;1476.952;46.237;2.30
2023-03-25 06:32:22;2.33;10.91015;31.567;8.255;9.208;75.936;29.837;1477.093;46.411;2.31
2023-03-25 06:33:22;2.32;10.91015;31.477;8.258;9.187;75.751;29.740;1476.985;46.274;2.30
2023-03-25 06:34:22;2.32;8.15969;31.490;8.259;9.155;75.500;29.753;1477.006;46.293;2.30
2023-03-25 06:35:22;2.32;19.16153;31.563;8.263;9.136;75.344;29.825;1477.112;46.393;2.30
2023-03-25 06:36:22;2.32;7.24287;31.539;8.256;9.137;75.348;29.807;1477.061;46.368;2.30
2023-03-25 06:37:22;2.33;8.15969;31.508;8.259;9.113;75.143;29.771;1477.029;46.318;2.31
2023-03-25 06:38:22;2.32;9.07651;31.524;8.256;9.125;75.245;29.791;1477.041;46.346;2.30
2023-03-25 06:39:22;2.33;10.91015;31.454;8.265;9.108;75.112;29.711;1476.976;46.232;2.31
2023-03-25 06:40:22;2.33;12.74379;31.532;8.259;9.097;75.006;29.797;1477.060;46.353;2.31
2023-03-25 06:41:22;2.32;10.91015;31.574;8.263;9.072;74.806;29.837;1477.126;46.409;2.30
2023-03-25 06:42:22;2.33;8.15969;31.457;8.263;9.046;74.588;29.715;1476.976;46.238;2.31
2023-03-25 06:43:22;2.33;9.99333;31.511;8.269;9.051;74.652;29.766;1477.062;46.309;2.31
2023-03-25 06:44:22;2.32;6.32605;31.501;8.255;9.063;74.745;29.768;1477.008;46.314;2.30
2023-03-25 06:45:22;2.32;6.32605;31.532;8.259;9.052;74.650;29.797;1477.060;46.354;2.30
2023-03-25 06:46:22;2.32;8.15969;31.540;8.262;9.035;74.505;29.803;1477.079;46.362;2.30
2023-03-25 06:47:22;2.32;10.91015;31.497;8.260;9.032;74.481;29.759;1477.019;46.300;2.30
2023-03-25 06:48:22;2.32;10.91015;31.522;8.260;9.008;74.283;29.785;1477.051;46.337;2.30
2023-03-25 06:49:22;2.32;9.07651;31.501;8.262;8.977;74.031;29.762;1477.028;46.304;2.30
2023-03-25 06:50:22;2.32;10.91015;31.549;8.263;8.969;73.961;29.811;1477.094;46.373;2.30
2023-03-25 06:51:22;2.34;9.07651;31.535;8.260;9.029;74.467;29.799;1477.069;46.357;2.32
2023-03-25 06:52:22;2.32;8.15969;31.520;8.265;9.035;74.507;29.779;1477.061;46.328;2.30
2023-03-25 06:53:22;2.32;6.32605;31.472;8.259;8.995;74.176;29.734;1476.982;46.265;2.30
2023-03-25 06:54:22;2.32;11.82697;31.477;8.260;8.988;74.116;29.738;1476.993;46.271;2.30
2023-03-25 06:55:22;2.32;12.74379;31.500;8.262;8.963;73.913;29.761;1477.027;46.303;2.30
2023-03-25 06:56:22;2.32;11.82697;31.579;8.255;8.986;74.102;29.849;1477.108;46.428;2.30
2023-03-25 06:57:22;2.33;11.82697;31.500;8.256;8.989;74.126;29.766;1477.011;46.311;2.31
2023-03-25 06:58:22;2.32;9.99333;31.430;8.253;9.015;74.356;29.695;1476.912;46.211;2.30
2023-03-25 06:59:22;2.33;9.99333;31.524;8.268;9.007;74.277;29.781;1477.074;46.330;2.31
2023-03-25 07:00:22;2.32;7.24287;31.536;8.263;8.971;73.979;29.797;1477.077;46.354;2.30
2023-03-25 07:01:22;2.32;8.15969;31.495;8.263;8.938;73.717;29.755;1477.025;46.294;2.30
2023-03-25 07:02:22;2.33;8.15969;31.564;8.268;8.958;73.875;29.822;1477.125;46.389;2.31
2023-03-25 07:03:22;2.33;11.82697;31.439;8.256;8.992;74.160;29.702;1476.932;46.221;2.31
2023-03-25 07:04:22;2.32;13.66061;31.487;8.266;9.018;74.380;29.744;1477.023;46.278;2.30
2023-03-25 07:05:22;2.34;9.99333;31.540;8.255;8.994;74.168;29.809;1477.058;46.371;2.32
2023-03-25 07:06:22;2.33;6.32605;31.561;8.274;9.048;74.626;29.814;1477.138;46.377;2.31
2023-03-25 07:07:22;2.34;10.91015;31.590;8.262;9.065;74.749;29.855;1477.143;46.435;2.32
2023-03-25 07:08:22;2.33;10.91015;31.520;8.266;9.059;74.717;29.778;1477.065;46.326;2.31
2023-03-25 07:09:22;2.32;9.99333;31.500;8.256;9.047;74.620;29.766;1477.010;46.310;2.30
2023-03-25 07:10:22;2.33;9.99333;31.520;8.262;9.056;74.688;29.782;1477.053;46.333;2.31
2023-03-25 07:11:22;2.32;9.07651;31.500;8.263;9.060;74.717;29.760;1477.031;46.301;2.30
2023-03-25 07:12:22;2.33;5.40924;31.534;8.268;9.084;74.915;29.791;1477.087;46.345;2.31
2023-03-25 07:13:22;2.34;10.91015;31.486;8.275;9.087;74.953;29.735;1477.046;46.264;2.32
2023-03-25 07:14:22;2.33;10.91015;31.439;8.256;9.107;75.103;29.702;1476.932;46.221;2.31
2023-03-25 07:15:22;2.33;9.07651;31.551;8.272;9.089;74.957;29.806;1477.122;46.365;2.31
2023-03-25 07:16:22;2.35;4.49242;31.531;8.269;9.078;74.876;29.787;1477.088;46.339;2.33
2023-03-25 07:17:22;2.32;7.24287;31.512;8.274;9.080;74.906;29.764;1477.076;46.306;2.30
2023-03-25 07:18:22;2.34;6.32605;31.551;8.269;9.088;74.959;29.808;1477.114;46.368;2.32
2023-03-25 07:19:22;2.34;7.24287;31.549;8.269;9.098;75.048;29.806;1477.111;46.366;2.32
2023-03-25 07:20:22;2.33;9.07651;31.570;8.271;9.110;75.137;29.827;1477.142;46.394;2.31
2023-03-25 07:21:22;2.32;9.99333;31.540;8.271;9.040;74.559;29.796;1477.103;46.351;2.30
2023-03-25 07:22:22;2.32;9.99333;31.591;8.272;9.026;74.462;29.847;1477.172;46.423;2.30
2023-03-25 07:23:22;2.33;7.24287;31.552;8.272;9.021;74.416;29.807;1477.123;46.366;2.31
2023-03-25 07:24:22;2.33;11.82697;31.524;8.275;9.030;74.476;29.774;1477.094;46.320;2.31
2023-03-25 07:25:22;2.33;8.15969;31.524;8.269;9.018;74.378;29.780;1477.079;46.329;2.31
2023-03-25 07:26:22;2.32;9.99333;31.501;8.275;9.065;74.771;29.751;1477.065;46.288;2.30
2023-03-25 07:27:22;2.33;9.07651;31.575;8.271;9.114;75.184;29.831;1477.148;46.401;2.31
2023-03-25 07:28:22;2.33;6.32605;31.513;8.272;9.140;75.389;29.766;1477.072;46.308;2.31
2023-03-25 07:29:22;2.34;10.91015;31.562;8.271;9.148;75.456;29.818;1477.131;46.382;2.32
2023-03-25 07:30:22;2.30;9.07651;31.505;8.274;9.148;75.448;29.756;1477.066;46.295;2.28
2023-03-25 07:31:22;2.31;8.15969;31.466;8.275;9.144;75.420;29.715;1477.020;46.236;2.29
2023-03-25 07:32:22;2.32;10.91015;31.513;8.272;9.154;75.505;29.765;1477.072;46.308;2.30
2023-03-25 07:33:22;2.32;6.32605;31.498;8.269;9.155;75.511;29.753;1477.045;46.291;2.30
2023-03-25 07:34:22;2.32;10.91015;31.546;8.269;9.163;75.564;29.802;1477.106;46.360;2.30
2023-03-25 07:35:22;2.33;9.07651;31.544;8.274;9.164;75.588;29.797;1477.116;46.352;2.31
2023-03-25 07:36:22;2.33;9.99333;31.542;8.266;9.162;75.555;29.801;1477.094;46.359;2.31
2023-03-25 07:37:22;2.31;9.99333;31.497;8.274;9.181;75.730;29.748;1477.056;46.283;2.29
2023-03-25 07:38:22;2.33;12.74379;31.454;8.283;9.196;75.859;29.695;1477.025;46.208;2.31
2023-03-25 07:39:22;2.33;9.07651;31.524;8.274;9.137;75.360;29.776;1477.091;46.323;2.31
2023-03-25 07:40:22;2.32;10.91015;31.403;8.278;9.077;74.878;29.646;1476.947;46.139;2.30
2023-03-25 07:41:22;2.32;7.24287;31.532;8.272;9.080;74.904;29.785;1477.096;46.336;2.30
2023-03-25 07:42:22;2.32;5.40924;31.468;8.277;9.085;74.935;29.715;1477.027;46.237;2.30
2023-03-25 07:43:22;2.32;10.91015;31.422;8.274;9.077;74.878;29.670;1476.960;46.174;2.30
2023-03-25 07:44:22;2.32;6.32605;31.493;8.266;9.111;75.157;29.750;1477.031;46.287;2.30
2023-03-25 07:45:22;2.31;10.91015;31.421;8.275;9.100;75.074;29.668;1476.962;46.170;2.29
2023-03-25 07:46:22;2.32;8.15969;31.461;8.272;9.115;75.192;29.711;1477.005;46.232;2.30
2023-03-25 07:47:22;2.32;8.15969;31.509;8.272;9.117;75.200;29.761;1477.067;46.302;2.30
2023-03-25 07:48:22;2.33;7.24287;31.554;8.269;9.060;74.732;29.811;1477.117;46.373;2.31
2023-03-25 07:49:22;2.32;7.24287;31.514;8.280;9.045;74.603;29.760;1477.094;46.300;2.30
2023-03-25 07:50:22;2.30;9.07651;31.374;8.262;9.007;74.288;29.629;1476.864;46.117;2.28
2023-03-25 07:51:22;2.32;13.66061;31.412;8.255;9.011;74.320;29.675;1476.893;46.183;2.30
2023-03-25 07:52:22;2.32;7.24287;31.447;8.250;8.992;74.160;29.716;1476.926;46.241;2.30
2023-03-25 07:53:22;2.32;7.24287;31.452;8.244;9.002;74.230;29.726;1476.916;46.255;2.30
2023-03-25 07:54:22;2.32;5.40924;31.460;8.256;9.003;74.234;29.724;1476.958;46.251;2.30
2023-03-25 07:55:22;2.32;9.07651;31.428;8.256;8.974;73.995;29.691;1476.918;46.205;2.30
2023-03-25 07:56:22;2.33;7.24287;31.402;8.266;8.962;73.889;29.655;1476.914;46.153;2.31
2023-03-25 07:57:22;2.32;8.15969;31.571;8.256;9.077;74.842;29.840;1477.102;46.414;2.30
2023-03-25 07:58:22;2.33;7.24287;31.433;8.262;9.098;75.026;29.691;1476.941;46.204;2.31
2023-03-25 07:59:22;2.32;8.15969;31.543;8.259;9.087;74.935;29.808;1477.074;46.370;2.30
2023-03-25 08:00:22;2.32;13.66061;31.518;8.260;9.031;74.475;29.781;1477.046;46.332;2.30
2023-03-25 08:01:22;2.33;9.07651;31.345;8.268;9.013;74.338;29.594;1476.844;46.068;2.31
2023-03-25 08:02:22;2.33;7.24287;31.490;8.253;8.964;73.915;29.758;1476.990;46.300;2.31
2023-03-25 08:03:22;2.31;13.66061;31.539;8.258;8.980;74.051;29.805;1477.065;46.366;2.29
2023-03-25 08:04:22;2.32;13.66061;31.477;8.258;9.028;74.443;29.741;1476.985;46.275;2.30
2023-03-25 08:05:22;2.33;9.99333;31.469;8.259;9.065;74.755;29.731;1476.979;46.261;2.31
2023-03-25 08:06:22;2.32;9.07651;31.469;8.266;9.072;74.800;29.725;1476.999;46.252;2.30
2023-03-25 08:07:22;2.33;9.07651;31.438;8.258;9.071;74.797;29.700;1476.935;46.218;2.31
2023-03-25 08:08:22;2.31;9.99333;31.514;8.263;9.069;74.784;29.774;1477.049;46.322;2.29
2023-03-25 08:09:22;2.31;9.99333;31.547;8.262;9.092;74.978;29.810;1477.087;46.371;2.29
2023-03-25 08:10:22;2.31;9.99333;31.491;8.271;9.158;75.518;29.744;1477.040;46.278;2.29
2023-03-25 08:11:22;2.32;8.15969;31.430;8.271;9.166;75.599;29.680;1476.961;46.188;2.30
2023-03-25 08:12:22;2.32;13.66061;31.490;8.277;9.193;75.824;29.738;1477.055;46.269;2.30
2023-03-25 08:13:22;2.33;10.91015;31.482;8.272;9.125;75.267;29.733;1477.032;46.263;2.31
2023-03-25 08:14:22;2.32;8.15969;31.389;8.271;9.150;75.464;29.638;1476.909;46.129;2.30
2023-03-25 08:15:22;2.33;9.99333;31.322;8.271;9.153;75.493;29.568;1476.823;46.030;2.31
2023-03-25 08:16:22;2.33;10.91015;31.436;8.272;9.171;75.638;29.685;1476.973;46.195;2.31
2023-03-25 08:17:22;2.33;9.99333;31.435;8.272;9.171;75.642;29.684;1476.972;46.194;2.31
2023-03-25 08:18:22;2.33;9.07651;31.359;8.271;9.136;75.362;29.606;1476.870;46.083;2.31
2023-03-25 08:19:22;2.32;12.74379;31.513;8.265;9.112;75.153;29.772;1477.052;46.318;2.30
2023-03-25 08:20:22;2.33;9.99333;31.539;8.265;9.125;75.249;29.799;1477.086;46.356;2.31
2023-03-25 08:21:22;2.32;12.74379;31.491;8.268;9.124;75.269;29.747;1477.032;46.282;2.30
2023-03-25 08:22:22;2.33;9.99333;31.514;8.265;9.140;75.393;29.773;1477.054;46.320;2.31
2023-03-25 08:23:22;2.32;10.91015;31.517;8.263;9.174;75.656;29.778;1477.053;46.326;2.30
2023-03-25 08:24:22;2.35;10.91015;31.493;8.274;9.233;76.153;29.744;1477.051;46.277;2.33
2023-03-25 08:25:22;2.35;6.32605;31.392;8.275;9.214;75.999;29.637;1476.926;46.128;2.33
2023-03-25 08:26:22;2.32;9.07651;31.522;8.272;9.200;75.880;29.775;1477.084;46.322;2.30
2023-03-25 08:27:22;2.35;13.66061;31.449;8.260;9.190;75.800;29.709;1476.958;46.230;2.33
2023-03-25 08:28:22;2.35;9.07651;31.492;8.278;9.181;75.726;29.739;1477.063;46.271;2.33
2023-03-25 08:29:22;2.36;9.07651;31.566;8.277;9.212;75.980;29.817;1477.153;46.380;2.34
2023-03-25 08:30:22;2.37;9.99333;31.533;8.271;9.243;76.245;29.788;1477.095;46.340;2.35
2023-03-25 08:31:22;2.35;11.82697;31.579;8.274;9.258;76.354;29.834;1477.162;46.404;2.33
2023-03-25 08:32:22;2.34;11.82697;31.525;8.275;9.243;76.241;29.776;1477.097;46.323;2.32
2023-03-25 08:33:22;2.34;9.99333;31.540;8.268;9.188;75.781;29.798;1477.095;46.354;2.32
2023-03-25 08:34:22;2.35;9.99333;31.439;8.274;9.185;75.752;29.687;1476.981;46.197;2.33
2023-03-25 08:35:22;2.35;10.91015;31.421;8.272;9.203;75.911;29.669;1476.954;46.173;2.33
2023-03-25 08:36:22;2.33;7.24287;31.439;8.259;9.201;75.892;29.699;1476.940;46.217;2.31
2023-03-25 08:37:22;2.35;8.15969;31.460;8.275;9.187;75.775;29.708;1477.012;46.227;2.33
2023-03-25 08:38:22;2.35;7.24287;31.470;8.275;9.211;75.972;29.718;1477.026;46.241;2.33
2023-03-25 08:39:22;2.35;9.99333;31.518;8.272;9.209;75.955;29.771;1477.079;46.315;2.33
2023-03-25 08:40:22;2.35;10.91015;31.474;8.265;9.196;75.853;29.731;1477.002;46.261;2.33
2023-03-25 08:41:22;2.35;13.66061;31.570;8.265;9.172;75.652;29.831;1477.126;46.402;2.33
2023-03-25 08:42:22;2.34;9.99333;31.637;8.280;9.166;75.611;29.889;1477.253;46.481;2.32
2023-03-25 08:43:22;2.35;9.07651;31.476;8.274;9.194;75.830;29.726;1477.029;46.252;2.33
2023-03-25 08:44:22;2.37;9.07651;31.497;8.280;9.210;75.974;29.742;1477.072;46.275;2.35
2023-03-25 08:45:22;2.35;10.91015;31.489;8.272;9.202;75.908;29.740;1477.042;46.273;2.33
2023-03-25 08:46:22;2.34;9.99333;31.422;8.269;9.209;75.955;29.673;1476.947;46.178;2.32
2023-03-25 08:47:22;2.33;8.15969;31.515;8.268;9.192;75.822;29.772;1477.063;46.317;2.31
2023-03-25 08:48:22;2.32;9.07651;31.497;8.260;9.181;75.726;29.759;1477.019;46.300;2.30
2023-03-25 08:49:22;2.32;11.82697;31.507;8.271;9.181;75.726;29.761;1477.061;46.302;2.30
2023-03-25 08:50:22;2.33;8.15969;31.416;8.272;9.207;75.941;29.664;1476.948;46.166;2.31
2023-03-25 08:51:22;2.32;10.91015;31.504;8.266;9.216;76.015;29.761;1477.044;46.303;2.30
2023-03-25 08:52:22;2.34;6.32605;31.487;8.274;9.198;75.863;29.737;1477.043;46.269;2.32
2023-03-25 08:53:22;2.35;8.15969;31.534;8.271;9.226;76.096;29.788;1477.095;46.341;2.33
2023-03-25 08:54:22;2.35;9.07651;31.601;8.274;9.233;76.151;29.856;1477.190;46.435;2.33
2023-03-25 08:55:22;2.35;11.82697;31.664;8.278;9.257;76.353;29.919;1477.284;46.523;2.33
2023-03-25 08:56:22;2.35;9.99333;31.474;8.281;9.258;76.361;29.717;1477.047;46.239;2.33
2023-03-25 08:57:22;2.35;7.24287;31.481;8.274;9.233;76.161;29.731;1477.035;46.259;2.33
2023-03-25 08:58:22;2.34;6.32605;31.517;8.278;9.179;75.714;29.765;1477.094;46.307;2.32
2023-03-25 08:59:22;2.33;7.24287;31.537;8.265;9.174;75.671;29.797;1477.083;46.353;2.31
2023-03-25 09:00:22;2.33;7.24287;31.415;8.277;9.144;75.420;29.660;1476.959;46.159;2.31
2023-03-25 09:01:22;2.32;8.15969;31.496;8.272;9.136;75.370;29.748;1477.050;46.283;2.30
2023-03-25 09:02:22;2.32;10.91015;31.469;8.275;9.162;75.576;29.718;1477.024;46.240;2.30
2023-03-25 09:03:22;-0.14;20.07835;0.004;8.271;9.488;78.252;0.006;1440.271;0.006;-0.14

# <WIMO>
# 	<PROBE eH0="WiMo" eH2="0x5222" eH3="1.1.6"/>
# 	<COMMENT eX0="CEQUA"/>
# 	<STATUS eS0="3.1 %" eS1="86.1 %"/>
# 	<SENSOR_0 eS0="PT" eS1="Keller" eS2="30 bar" eS3="2">
# 		<CHANNEL_0 eCx="1" eC0="Pressure" eC1="dbar" eC2="2" eC4="1" eC5="1023.0">
# 			<CALIBRATION>
# 				<TYPE eT0="Raw"/>
# 			</CALIBRATION>
# 		</CHANNEL_0>
# 		<CHANNEL_1 eCx="0" eC0="Temperature" eC1="degC" eC2="2" eC4="1">
# 			<CALIBRATION>
# 				<TYPE eT0="Raw"/>
# 			</CALIBRATION>
# 		</CHANNEL_1>
# 	</SENSOR_0>
# 	<SENSOR_1 eS0="Chl-a" eS1="nke" eS2="Fluo" eS3="1">
# 		<CHANNEL_0 eCx="1" eC0="Chlorophyll_a" eC1="ppb" eC2="5" eC4="1">
# 			<CALIBRATION>
# 				<TYPE eT0="Multipoint"/>
# 				<POINT_01 eP0="0.0000" eP1="5.1"/>
# 				<POINT_02 eP0="29.9800" eP1="37.8"/>
# 				<POINT_03 eP0="140.0000" eP1="160.8"/>
# 			</CALIBRATION>
# 		</CHANNEL_0>
# 	</SENSOR_1>
# 	<SENSOR_3 eS0="CT" eS1="nke" eS2="" eS3="2">
# 		<CHANNEL_0 eCx="1" eC0="Conductivity" eC1="mS/cm" eC2="3" eC4="1">
# 			<CALIBRATION>
# 				<TYPE eT0="Multipoint"/>
# 				<POINT_01 eP0="0.0000" eP1="12.9"/>
# 				<POINT_02 eP0="8.5870" eP1="7535.6"/>
# 				<POINT_03 eP0="42.6210" eP1="37384.3"/>
# 			</CALIBRATION>
# 		</CHANNEL_0>
# 		<CHANNEL_1 eCx="1" eC0="Temperature" eC1="degC" eC2="3" eC4="1">
# 			<CALIBRATION>
# 				<TYPE eT0="Polynomial3" eC0="-4.73514864e-13" eC1="5.25307133e-08" eC2="-3.33894589e-03"/>
# 				<POINT_01 eP0="34.8150" eP1="26117.3"/>
# 				<POINT_02 eP0="29.8350" eP1="29397.5"/>
# 				<POINT_03 eP0="24.9130" eP1="32797.0"/>
# 				<POINT_04 eP0="20.0270" eP1="36275.7"/>
# 				<POINT_05 eP0="15.1460" eP1="39758.8"/>
# 				<POINT_06 eP0="10.2030" eP1="43226.5"/>
# 				<POINT_07 eP0="5.1130" eP1="46646.7"/>
# 			</CALIBRATION>
# 		</CHANNEL_1>
# 	</SENSOR_3>
# 	<SENSOR_4 eS0="DO" eS1="nke" eS2="DO" eS3="2">
# 		<CHANNEL_0 eCx="1" eC0="Oxygen_Concentration" eC1="mg/L" eC2="3" eC4="1">
# 			<CALIBRATION>
# 				<TYPE eT0="Raw"/>
# 			</CALIBRATION>
# 		</CHANNEL_0>
# 		<CHANNEL_1 eCx="1" eC0="Oxygen_Saturation" eC1="%" eC2="3" eC4="1">
# 			<CALIBRATION>
# 				<TYPE eT0="Raw"/>
# 			</CALIBRATION>
# 		</CHANNEL_1>
# 	</SENSOR_4>
# 	<SENSOR_9 eS0="Sp" eS1="" eS2="" eS3="1">
# 		<CHANNEL_0 eCx="1" eC0="Practical_Salinity" eC1="PSU" eC2="3"/>
# 	</SENSOR_9>
# 	<SENSOR_10 eS0="SV" eS1="" eS2="Seawater" eS3="1">
# 		<CHANNEL_0 eCx="1" eC0="Sound_Velocity" eC1="m/s" eC2="3"/>
# 	</SENSOR_10>
# 	<SENSOR_11 eS0="C_25" eS1="" eS2="" eS3="1">
# 		<CHANNEL_0 eCx="1" eC0="Conductivity_25" eC1="mS/cm" eC2="3" eC5="0.0191"/>
# 	</SENSOR_11>
# 	<SENSOR_14 eS0="D" eS1="" eS2="" eS3="1">
# 		<CHANNEL_0 eCx="1" eC0="Depth" eC1="m" eC2="2" eC5="53.3"/>
# 	</SENSOR_14>
# 	<MEASURE>
# 		<SAMPLING eS0="Continuous"/>
# 		<START eS0="Condition" eS1="Pressure" eS2="Sup" eS3="1.000" eS4="5 s"/>
# 		<STOP eS0="Condition" eS1="Pressure" eS2="Inf" eS3="1.000"/>
# 	</MEASURE>
# 	<EXPORT eX0="Standard (yyyy-mm-dd hh:mm:ss)" eX1="." eX2=";"/>
# 	<DATA eD0="1 min" eD1="2023-03-24T19:47:21" eD2="2023-03-25T09:03:23" eD3="797"/>
# </WIMO>
